student_ref,student_name,standard,division,hostel_name,room_no
V1A-2025-0005,"Usha Patel",Nursery,A,"Girls Hostel B",Room-105
V1A-2025-0010,"Rohan Gupta",Nursery,A,"Boys Hostel A",Room-110
V1A-2025-0015,"Aadhya Joshi",Nursery,A,"Girls Hostel B",Room-115
V1A-2025-0020,"Vihaan Mehta",Nursery,A,"Boys Hostel A",Room-120
V1A-2025-0025,"Suresh Banerjee",Nursery,A,"Girls Hostel B",Room-125
V1A-2025-0030,"Sara Sen",Nursery,A,"Boys Hostel A",Room-130
V1A-2025-0035,"Krishna Dutta",Nursery,B,"Girls Hostel B",Room-135
V1A-2025-0040,"Seema Kapoor",Nursery,B,"Boys Hostel A",Room-140
V1A-2025-0045,"Meera Chauhan",Nursery,B,"Girls Hostel B",Room-145
V1A-2025-0050,"Pranav Tiwari",Nursery,B,"Boys Hostel A",Room-100
V1A-2025-0055,"Usha Ojha",Nursery,B,"Girls Hostel B",Room-105
V1A-2025-0060,"Rohan Reddy",Nursery,B,"Boys Hostel A",Room-110
V1A-2025-0065,"Aadhya Singh",KG,A,"Girls Hostel B",Room-115
V1A-2025-0070,"Vihaan Bhat",KG,A,"Boys Hostel A",Room-120
V1A-2025-0075,"Suresh Mehta",KG,A,"Girls Hostel B",Room-125
V1A-2025-0080,"Sara Ghosh",KG,A,"Boys Hostel A",Room-130
V1A-2025-0085,"Krishna Das",KG,A,"Girls Hostel B",Room-135
V1A-2025-0090,"Seema Dutta",KG,A,"Boys Hostel A",Room-140
V1A-2025-0095,"Meera Khanna",KG,B,"Girls Hostel B",Room-145
V1A-2025-0100,"Pranav Rajput",KG,B,"Boys Hostel A",Room-100
V1A-2025-0105,"Usha Tiwari",KG,B,"Girls Hostel B",Room-105
V1A-2025-0110,"Rohan Sharma",KG,B,"Boys Hostel A",Room-110
V1A-2025-0115,"Aadhya Nair",KG,B,"Girls Hostel B",Room-115
V1A-2025-0120,"Vihaan Deshmukh",KG,B,"Boys Hostel A",Room-120
V1A-2025-0125,"Suresh Bhat",CBSE-1,A,"Girls Hostel B",Room-125
V1A-2025-0130,"Sara Shah",CBSE-1,A,"Boys Hostel A",Room-130
V1A-2025-0135,"Krishna Chatterjee",CBSE-1,A,"Girls Hostel B",Room-135
V1A-2025-0140,"Seema Das",CBSE-1,A,"Boys Hostel A",Room-140
V1A-2025-0145,"Meera Chopra",CBSE-1,A,"Girls Hostel B",Room-145
V1A-2025-0150,"Pranav Bhatia",CBSE-1,A,"Boys Hostel A",Room-100
V1A-2025-0155,"Usha Rajput",CBSE-1,B,"Girls Hostel B",Room-105
V1A-2025-0160,"Rohan Pandey",CBSE-1,B,"Boys Hostel A",Room-110
V1A-2025-0165,"Aadhya Verma",CBSE-1,B,"Girls Hostel B",Room-115
V1A-2025-0170,"Vihaan Iyer",CBSE-1,B,"Boys Hostel A",Room-120
V1A-2025-0175,"Suresh Deshmukh",CBSE-1,B,"Girls Hostel B",Room-125
V1A-2025-0180,"Sara Rao",CBSE-1,B,"Boys Hostel A",Room-130
V1A-2025-0185,"Krishna Mukherjee",CBSE-2,A,"Girls Hostel B",Room-135
V1A-2025-0190,"Seema Chatterjee",CBSE-2,A,"Boys Hostel A",Room-140
V1A-2025-0195,"Meera Bose",CBSE-2,A,"Girls Hostel B",Room-145
V1A-2025-0200,"Pranav Malhotra",CBSE-2,A,"Boys Hostel A",Room-100
V1A-2025-0205,"Usha Bhatia",CBSE-2,A,"Girls Hostel B",Room-105
V1A-2025-0210,"Rohan Yadav",CBSE-2,A,"Boys Hostel A",Room-110
V1A-2025-0215,"Aadhya Dubey",CBSE-2,B,"Girls Hostel B",Room-115
V1A-2025-0220,"Vihaan Patel",CBSE-2,B,"Boys Hostel A",Room-120
V1A-2025-0225,"Suresh Iyer",CBSE-2,B,"Girls Hostel B",Room-125
V1A-2025-0230,"Sara Kulkarni",CBSE-2,B,"Boys Hostel A",Room-130
V1A-2025-0235,"Krishna Choudhury",CBSE-2,B,"Girls Hostel B",Room-135
V1A-2025-0240,"Seema Mukherjee",CBSE-2,B,"Boys Hostel A",Room-140
V1A-2025-0245,"Meera Nath",CBSE-3,A,"Girls Hostel B",Room-145
V1A-2025-0250,"Pranav Mitra",CBSE-3,A,"Boys Hostel A",Room-100
V1A-2025-0255,"Usha Malhotra",CBSE-3,A,"Girls Hostel B",Room-105
V1A-2025-0260,"Rohan Ahuja",CBSE-3,A,"Boys Hostel A",Room-110
V1A-2025-0265,"Aadhya Mishra",CBSE-3,A,"Girls Hostel B",Room-115
V1A-2025-0270,"Vihaan Ojha",CBSE-3,A,"Boys Hostel A",Room-120
V1A-2025-0275,"Suresh Patel",CBSE-3,B,"Girls Hostel B",Room-125
V1A-2025-0280,"Sara Gupta",CBSE-3,B,"Boys Hostel A",Room-130
V1A-2025-0285,"Krishna Joshi",CBSE-3,B,"Girls Hostel B",Room-135
V1A-2025-0290,"Seema Choudhury",CBSE-3,B,"Boys Hostel A",Room-140
V1A-2025-0295,"Meera Banerjee",CBSE-3,B,"Girls Hostel B",Room-145
V1A-2025-0300,"Pranav Sen",CBSE-3,B,"Boys Hostel A",Room-100
V1A-2025-0305,"Usha Mitra",CBSE-4,A,"Girls Hostel B",Room-105
V1A-2025-0310,"Rohan Kapoor",CBSE-4,A,"Boys Hostel A",Room-110
V1A-2025-0315,"Aadhya Chauhan",CBSE-4,A,"Girls Hostel B",Room-115
V1A-2025-0320,"Vihaan Tiwari",CBSE-4,A,"Boys Hostel A",Room-120
V1A-2025-0325,"Suresh Ojha",CBSE-4,A,"Girls Hostel B",Room-125
V1A-2025-0330,"Sara Reddy",CBSE-4,A,"Boys Hostel A",Room-130
V1A-2025-0335,"Krishna Singh",CBSE-4,B,"Girls Hostel B",Room-135
V1A-2025-0340,"Seema Joshi",CBSE-4,B,"Boys Hostel A",Room-140
V1A-2025-0345,"Meera Mehta",CBSE-4,B,"Girls Hostel B",Room-145
V1A-2025-0350,"Pranav Ghosh",CBSE-4,B,"Boys Hostel A",Room-100
V1A-2025-0355,"Usha Sen",CBSE-4,B,"Girls Hostel B",Room-105
V1A-2025-0360,"Rohan Dutta",CBSE-4,B,"Boys Hostel A",Room-110
V1A-2025-0365,"Aadhya Khanna",CBSE-5,A,"Girls Hostel B",Room-115
V1A-2025-0370,"Vihaan Rajput",CBSE-5,A,"Boys Hostel A",Room-120
V1A-2025-0375,"Suresh Tiwari",CBSE-5,A,"Girls Hostel B",Room-125
V1A-2025-0380,"Sara Sharma",CBSE-5,A,"Boys Hostel A",Room-130
V1A-2025-0385,"Krishna Nair",CBSE-5,A,"Girls Hostel B",Room-135
V1A-2025-0390,"Seema Singh",CBSE-5,A,"Boys Hostel A",Room-140
V1A-2025-0395,"Meera Bhat",CBSE-5,B,"Girls Hostel B",Room-145
V1A-2025-0400,"Pranav Shah",CBSE-5,B,"Boys Hostel A",Room-100
V1A-2025-0405,"Usha Ghosh",CBSE-5,B,"Girls Hostel B",Room-105
V1A-2025-0410,"Rohan Das",CBSE-5,B,"Boys Hostel A",Room-110
V1A-2025-0415,"Aadhya Chopra",CBSE-5,B,"Girls Hostel B",Room-115
V1A-2025-0420,"Vihaan Bhatia",CBSE-5,B,"Boys Hostel A",Room-120
V1A-2025-0425,"Suresh Rajput",CBSE-6,A,"Girls Hostel B",Room-125
V1A-2025-0430,"Sara Pandey",CBSE-6,A,"Boys Hostel A",Room-130
V1A-2025-0435,"Krishna Verma",CBSE-6,A,"Girls Hostel B",Room-135
V1A-2025-0440,"Seema Nair",CBSE-6,A,"Boys Hostel A",Room-140
V1A-2025-0445,"Meera Deshmukh",CBSE-6,A,"Girls Hostel B",Room-145
V1A-2025-0450,"Pranav Rao",CBSE-6,A,"Boys Hostel A",Room-100
V1A-2025-0455,"Usha Shah",CBSE-6,B,"Girls Hostel B",Room-105
V1A-2025-0460,"Rohan Chatterjee",CBSE-6,B,"Boys Hostel A",Room-110
V1A-2025-0465,"Aadhya Bose",CBSE-6,B,"Girls Hostel B",Room-115
V1A-2025-0470,"Vihaan Malhotra",CBSE-6,B,"Boys Hostel A",Room-120
V1A-2025-0475,"Suresh Bhatia",CBSE-6,B,"Girls Hostel B",Room-125
V1A-2025-0480,"Sara Yadav",CBSE-6,B,"Boys Hostel A",Room-130
V1A-2025-0485,"Krishna Dubey",CBSE-7,A,"Girls Hostel B",Room-135
V1A-2025-0490,"Seema Verma",CBSE-7,A,"Boys Hostel A",Room-140
V1A-2025-0495,"Meera Iyer",CBSE-7,A,"Girls Hostel B",Room-145
V1A-2025-0500,"Pranav Kulkarni",CBSE-7,A,"Boys Hostel A",Room-100
V1A-2025-0505,"Usha Rao",CBSE-7,A,"Girls Hostel B",Room-105
V1A-2025-0510,"Rohan Mukherjee",CBSE-7,A,"Boys Hostel A",Room-110
V1A-2025-0515,"Aadhya Nath",CBSE-7,B,"Girls Hostel B",Room-115
V1A-2025-0520,"Vihaan Mitra",CBSE-7,B,"Boys Hostel A",Room-120
V1A-2025-0525,"Suresh Malhotra",CBSE-7,B,"Girls Hostel B",Room-125
V1A-2025-0530,"Sara Ahuja",CBSE-7,B,"Boys Hostel A",Room-130
V1A-2025-0535,"Krishna Mishra",CBSE-7,B,"Girls Hostel B",Room-135
V1A-2025-0540,"Seema Dubey",CBSE-7,B,"Boys Hostel A",Room-140
V1A-2025-0545,"Meera Patel",CBSE-8,A,"Girls Hostel B",Room-145
V1A-2025-0550,"Pranav Gupta",CBSE-8,A,"Boys Hostel A",Room-100
V1A-2025-0555,"Usha Kulkarni",CBSE-8,A,"Girls Hostel B",Room-105
V1A-2025-0560,"Rohan Choudhury",CBSE-8,A,"Boys Hostel A",Room-110
V1A-2025-0565,"Aadhya Banerjee",CBSE-8,A,"Girls Hostel B",Room-115
V1A-2025-0570,"Vihaan Sen",CBSE-8,A,"Boys Hostel A",Room-120
V1A-2025-0575,"Suresh Mitra",CBSE-8,B,"Girls Hostel B",Room-125
V1A-2025-0580,"Sara Kapoor",CBSE-8,B,"Boys Hostel A",Room-130
V1A-2025-0585,"Krishna Chauhan",CBSE-8,B,"Girls Hostel B",Room-135
V1A-2025-0590,"Seema Mishra",CBSE-8,B,"Boys Hostel A",Room-140
V1A-2025-0595,"Meera Ojha",CBSE-8,B,"Girls Hostel B",Room-145
V1A-2025-0600,"Pranav Reddy",CBSE-8,B,"Boys Hostel A",Room-100
V1A-2025-0605,"Usha Gupta",CBSE-9,A,"Girls Hostel B",Room-105
V1A-2025-0610,"Rohan Joshi",CBSE-9,A,"Boys Hostel A",Room-110
V1A-2025-0615,"Aadhya Mehta",CBSE-9,A,"Girls Hostel B",Room-115
V1A-2025-0620,"Vihaan Ghosh",CBSE-9,A,"Boys Hostel A",Room-120
V1A-2025-0625,"Suresh Sen",CBSE-9,A,"Girls Hostel B",Room-125
V1A-2025-0630,"Sara Dutta",CBSE-9,A,"Boys Hostel A",Room-130
V1A-2025-0635,"Krishna Khanna",CBSE-9,B,"Girls Hostel B",Room-135
V1A-2025-0640,"Seema Chauhan",CBSE-9,B,"Boys Hostel A",Room-140
V1A-2025-0645,"Meera Tiwari",CBSE-9,B,"Girls Hostel B",Room-145
V1A-2025-0650,"Pranav Sharma",CBSE-9,B,"Boys Hostel A",Room-100
V1A-2025-0655,"Usha Reddy",CBSE-9,B,"Girls Hostel B",Room-105
V1A-2025-0660,"Rohan Singh",CBSE-9,B,"Boys Hostel A",Room-110
V1A-2025-0665,"Aadhya Bhat",CBSE-10,A,"Girls Hostel B",Room-115
V1A-2025-0670,"Vihaan Shah",CBSE-10,A,"Boys Hostel A",Room-120
V1A-2025-0675,"Suresh Ghosh",CBSE-10,A,"Girls Hostel B",Room-125
V1A-2025-0680,"Sara Das",CBSE-10,A,"Boys Hostel A",Room-130
V1A-2025-0685,"Krishna Chopra",CBSE-10,A,"Girls Hostel B",Room-135
V1A-2025-0690,"Seema Khanna",CBSE-10,A,"Boys Hostel A",Room-140
V1A-2025-0695,"Meera Rajput",CBSE-10,B,"Girls Hostel B",Room-145
V1A-2025-0700,"Pranav Pandey",CBSE-10,B,"Boys Hostel A",Room-100
V1A-2025-0705,"Usha Sharma",CBSE-10,B,"Girls Hostel B",Room-105
V1A-2025-0710,"Rohan Nair",CBSE-10,B,"Boys Hostel A",Room-110
V1A-2025-0715,"Aadhya Deshmukh",CBSE-10,B,"Girls Hostel B",Room-115
V1A-2025-0720,"Vihaan Rao",CBSE-10,B,"Boys Hostel A",Room-120
V1A-2025-0725,"Suresh Shah",CBSE-11,A,"Girls Hostel B",Room-125
V1A-2025-0730,"Sara Chatterjee",CBSE-11,A,"Boys Hostel A",Room-130
V1A-2025-0735,"Krishna Bose",CBSE-11,A,"Girls Hostel B",Room-135
V1A-2025-0740,"Seema Chopra",CBSE-11,A,"Boys Hostel A",Room-140
V1A-2025-0745,"Meera Bhatia",CBSE-11,A,"Girls Hostel B",Room-145
V1A-2025-0750,"Pranav Yadav",CBSE-11,A,"Boys Hostel A",Room-100
V1A-2025-0755,"Usha Pandey",CBSE-11,B,"Girls Hostel B",Room-105
V1A-2025-0760,"Rohan Verma",CBSE-11,B,"Boys Hostel A",Room-110
V1A-2025-0765,"Aadhya Iyer",CBSE-11,B,"Girls Hostel B",Room-115
V1A-2025-0770,"Vihaan Kulkarni",CBSE-11,B,"Boys Hostel A",Room-120
V1A-2025-0775,"Suresh Rao",CBSE-11,B,"Girls Hostel B",Room-125
V1A-2025-0780,"Sara Mukherjee",CBSE-11,B,"Boys Hostel A",Room-130
V1A-2025-0785,"Krishna Nath",CBSE-12,A,"Girls Hostel B",Room-135
V1A-2025-0790,"Seema Bose",CBSE-12,A,"Boys Hostel A",Room-140
V1A-2025-0795,"Meera Malhotra",CBSE-12,A,"Girls Hostel B",Room-145
V1A-2025-0800,"Pranav Ahuja",CBSE-12,A,"Boys Hostel A",Room-100
V1A-2025-0805,"Usha Yadav",CBSE-12,A,"Girls Hostel B",Room-105
V1A-2025-0810,"Rohan Dubey",CBSE-12,A,"Boys Hostel A",Room-110
V1A-2025-0815,"Aadhya Patel",CBSE-12,B,"Girls Hostel B",Room-115
V1A-2025-0820,"Vihaan Gupta",CBSE-12,B,"Boys Hostel A",Room-120
V1A-2025-0825,"Suresh Kulkarni",CBSE-12,B,"Girls Hostel B",Room-125
V1A-2025-0830,"Sara Choudhury",CBSE-12,B,"Boys Hostel A",Room-130
V1A-2025-0835,"Krishna Banerjee",CBSE-12,B,"Girls Hostel B",Room-135
V1A-2025-0840,"Seema Nath",CBSE-12,B,"Boys Hostel A",Room-140
