student_ref,student_name,standard,division,sport,event_name,participation,skill_assessment
V1A-2025-0001,"Aarav Sharma",Nursery,A,Basketball,"Annual Sports Meet 2025","Did Not Participate",N/A
V1A-2025-0002,"Vikram Sharma",Nursery,A,Football,"Annual Sports Meet 2025",Participated,Intermediate
V1A-2025-0003,"Ira Verma",Nursery,A,Cricket,"Annual Sports Meet 2025",Participated,Advanced
V1A-2025-0004,"Atharv Patel",Nursery,A,Athletics,"Annual Sports Meet 2025",Participated,Beginner
V1A-2025-0005,"Usha Patel",Nursery,A,"Table Tennis","Annual Sports Meet 2025",Participated,Intermediate
V1A-2025-0006,"Sunil Reddy",Nursery,A,Basketball,"Annual Sports Meet 2025","Did Not Participate",N/A
V1A-2025-0007,"Myra Nair",Nursery,A,Football,"Annual Sports Meet 2025",Participated,Beginner
V1A-2025-0008,"Ishaan Iyer",Nursery,A,Cricket,"Annual Sports Meet 2025",Participated,Intermediate
V1A-2025-0009,"Sunita Iyer",Nursery,A,Athletics,"Annual Sports Meet 2025",Participated,Advanced
V1A-2025-0010,"Rohan Gupta",Nursery,A,"Table Tennis","Annual Sports Meet 2025",Participated,Beginner
V1A-2025-0011,"Anvi Singh",Nursery,A,Basketball,"Annual Sports Meet 2025","Did Not Participate",N/A
V1A-2025-0012,"Ayaan Deshmukh",Nursery,A,Football,"Annual Sports Meet 2025",Participated,Advanced
V1A-2025-0013,"Sita Deshmukh",Nursery,A,Cricket,"Annual Sports Meet 2025",Participated,Beginner
V1A-2025-0014,"Pooja Kulkarni",Nursery,A,Athletics,"Annual Sports Meet 2025",Participated,Intermediate
V1A-2025-0015,"Aadhya Joshi",Nursery,A,"Table Tennis","Annual Sports Meet 2025",Participated,Advanced
V1A-2025-0016,"Sai Bhat",Nursery,A,Basketball,"Annual Sports Meet 2025","Did Not Participate",N/A
V1A-2025-0017,"Geeta Bhat",Nursery,A,Football,"Annual Sports Meet 2025",Participated,Intermediate
V1A-2025-0018,"Roshni Rao",Nursery,A,Cricket,"Annual Sports Meet 2025",Participated,Advanced
V1A-2025-0019,"Diya Choudhury",Nursery,A,Athletics,"Annual Sports Meet 2025",Participated,Beginner
V1A-2025-0020,"Vihaan Mehta",Nursery,A,"Table Tennis","Annual Sports Meet 2025",Participated,Intermediate
V1A-2025-0021,"Ravi Mehta",Nursery,A,Basketball,"Annual Sports Meet 2025","Did Not Participate",N/A
V1A-2025-0022,"Kavya Shah",Nursery,A,Football,"Annual Sports Meet 2025",Participated,Beginner
V1A-2025-0023,"Advaith Mukherjee",Nursery,A,Cricket,"Annual Sports Meet 2025",Participated,Intermediate
V1A-2025-0024,"Vivaan Banerjee",Nursery,A,Athletics,"Annual Sports Meet 2025",Participated,Advanced
V1A-2025-0025,"Suresh Banerjee",Nursery,A,"Table Tennis","Annual Sports Meet 2025",Participated,Beginner
V1A-2025-0026,"Avani Ghosh",Nursery,A,Basketball,"Annual Sports Meet 2025","Did Not Participate",N/A
V1A-2025-0027,"Advik Chatterjee",Nursery,A,Football,"Annual Sports Meet 2025",Participated,Advanced
V1A-2025-0028,"Lata Chatterjee",Nursery,A,Cricket,"Annual Sports Meet 2025",Participated,Beginner
V1A-2025-0029,"Karan Nath",Nursery,A,Athletics,"Annual Sports Meet 2025",Participated,Intermediate
V1A-2025-0030,"Sara Sen",Nursery,A,"Table Tennis","Annual Sports Meet 2025",Participated,Advanced
V1A-2025-0031,"Shaurya Das",Nursery,B,Basketball,"Annual Sports Meet 2025","Did Not Participate",N/A
V1A-2025-0032,"Asha Das",Nursery,B,Football,"Annual Sports Meet 2025",Participated,Intermediate
V1A-2025-0033,"Amit Bose",Nursery,B,Cricket,"Annual Sports Meet 2025",Participated,Advanced
V1A-2025-0034,"Saanvi Mitra",Nursery,B,Athletics,"Annual Sports Meet 2025",Participated,Beginner
V1A-2025-0035,"Krishna Dutta",Nursery,B,"Table Tennis","Annual Sports Meet 2025",Participated,Intermediate
V1A-2025-0036,"Anita Dutta",Nursery,B,Basketball,"Annual Sports Meet 2025","Did Not Participate",N/A
V1A-2025-0037,"Rahul Chopra",Nursery,B,Football,"Annual Sports Meet 2025",Participated,Beginner
V1A-2025-0038,"Pari Malhotra",Nursery,B,Cricket,"Annual Sports Meet 2025",Participated,Intermediate
V1A-2025-0039,"Reyansh Kapoor",Nursery,B,Athletics,"Annual Sports Meet 2025",Participated,Advanced
V1A-2025-0040,"Seema Kapoor",Nursery,B,"Table Tennis","Annual Sports Meet 2025",Participated,Beginner
V1A-2025-0041,"Neha Khanna",Nursery,B,Basketball,"Annual Sports Meet 2025","Did Not Participate",N/A
V1A-2025-0042,"Gauri Bhatia",Nursery,B,Football,"Annual Sports Meet 2025",Participated,Advanced
V1A-2025-0043,"Arjun Ahuja",Nursery,B,Cricket,"Annual Sports Meet 2025",Participated,Beginner
V1A-2025-0044,"Ritu Ahuja",Nursery,B,Athletics,"Annual Sports Meet 2025",Participated,Intermediate
V1A-2025-0045,"Meera Chauhan",Nursery,B,"Table Tennis","Annual Sports Meet 2025",Participated,Advanced
V1A-2025-0046,"Ananya Rajput",Nursery,B,Basketball,"Annual Sports Meet 2025","Did Not Participate",N/A
V1A-2025-0047,"Aditya Yadav",Nursery,B,Football,"Annual Sports Meet 2025",Participated,Intermediate
V1A-2025-0048,"Ramesh Yadav",Nursery,B,Cricket,"Annual Sports Meet 2025",Participated,Advanced
V1A-2025-0049,"Riya Mishra",Nursery,B,Athletics,"Annual Sports Meet 2025",Participated,Beginner
V1A-2025-0050,"Pranav Tiwari",Nursery,B,"Table Tennis","Annual Sports Meet 2025",Participated,Intermediate
V1A-2025-0051,"Aarav Pandey",Nursery,B,Basketball,"Annual Sports Meet 2025","Did Not Participate",N/A
V1A-2025-0052,"Vikram Pandey",Nursery,B,Football,"Annual Sports Meet 2025",Participated,Beginner
V1A-2025-0053,"Ira Dubey",Nursery,B,Cricket,"Annual Sports Meet 2025",Participated,Intermediate
V1A-2025-0054,"Atharv Ojha",Nursery,B,Athletics,"Annual Sports Meet 2025",Participated,Advanced
V1A-2025-0055,"Usha Ojha",Nursery,B,"Table Tennis","Annual Sports Meet 2025",Participated,Beginner
V1A-2025-0056,"Sunil Sharma",Nursery,B,Basketball,"Annual Sports Meet 2025","Did Not Participate",N/A
V1A-2025-0057,"Myra Verma",Nursery,B,Football,"Annual Sports Meet 2025",Participated,Advanced
V1A-2025-0058,"Ishaan Patel",Nursery,B,Cricket,"Annual Sports Meet 2025",Participated,Beginner
V1A-2025-0059,"Sunita Patel",Nursery,B,Athletics,"Annual Sports Meet 2025",Participated,Intermediate
V1A-2025-0060,"Rohan Reddy",Nursery,B,"Table Tennis","Annual Sports Meet 2025",Participated,Advanced
V1A-2025-0061,"Anvi Nair",KG,A,Basketball,"Annual Sports Meet 2025","Did Not Participate",N/A
V1A-2025-0062,"Ayaan Iyer",KG,A,Football,"Annual Sports Meet 2025",Participated,Intermediate
V1A-2025-0063,"Sita Iyer",KG,A,Cricket,"Annual Sports Meet 2025",Participated,Advanced
V1A-2025-0064,"Pooja Gupta",KG,A,Athletics,"Annual Sports Meet 2025",Participated,Beginner
V1A-2025-0065,"Aadhya Singh",KG,A,"Table Tennis","Annual Sports Meet 2025",Participated,Intermediate
V1A-2025-0066,"Sai Deshmukh",KG,A,Basketball,"Annual Sports Meet 2025","Did Not Participate",N/A
V1A-2025-0067,"Geeta Deshmukh",KG,A,Football,"Annual Sports Meet 2025",Participated,Beginner
V1A-2025-0068,"Roshni Kulkarni",KG,A,Cricket,"Annual Sports Meet 2025",Participated,Intermediate
V1A-2025-0069,"Diya Joshi",KG,A,Athletics,"Annual Sports Meet 2025",Participated,Advanced
V1A-2025-0070,"Vihaan Bhat",KG,A,"Table Tennis","Annual Sports Meet 2025",Participated,Beginner
V1A-2025-0071,"Ravi Bhat",KG,A,Basketball,"Annual Sports Meet 2025","Did Not Participate",N/A
V1A-2025-0072,"Kavya Rao",KG,A,Football,"Annual Sports Meet 2025",Participated,Advanced
V1A-2025-0073,"Advaith Choudhury",KG,A,Cricket,"Annual Sports Meet 2025",Participated,Beginner
V1A-2025-0074,"Vivaan Mehta",KG,A,Athletics,"Annual Sports Meet 2025",Participated,Intermediate
V1A-2025-0075,"Suresh Mehta",KG,A,"Table Tennis","Annual Sports Meet 2025",Participated,Advanced
V1A-2025-0076,"Avani Shah",KG,A,Basketball,"Annual Sports Meet 2025","Did Not Participate",N/A
V1A-2025-0077,"Advik Mukherjee",KG,A,Football,"Annual Sports Meet 2025",Participated,Intermediate
V1A-2025-0078,"Lata Mukherjee",KG,A,Cricket,"Annual Sports Meet 2025",Participated,Advanced
V1A-2025-0079,"Karan Banerjee",KG,A,Athletics,"Annual Sports Meet 2025",Participated,Beginner
V1A-2025-0080,"Sara Ghosh",KG,A,"Table Tennis","Annual Sports Meet 2025",Participated,Intermediate
V1A-2025-0081,"Shaurya Chatterjee",KG,A,Basketball,"Annual Sports Meet 2025","Did Not Participate",N/A
V1A-2025-0082,"Asha Chatterjee",KG,A,Football,"Annual Sports Meet 2025",Participated,Beginner
V1A-2025-0083,"Amit Nath",KG,A,Cricket,"Annual Sports Meet 2025",Participated,Intermediate
V1A-2025-0084,"Saanvi Sen",KG,A,Athletics,"Annual Sports Meet 2025",Participated,Advanced
V1A-2025-0085,"Krishna Das",KG,A,"Table Tennis","Annual Sports Meet 2025",Participated,Beginner
V1A-2025-0086,"Anita Das",KG,A,Basketball,"Annual Sports Meet 2025","Did Not Participate",N/A
V1A-2025-0087,"Rahul Bose",KG,A,Football,"Annual Sports Meet 2025",Participated,Advanced
V1A-2025-0088,"Pari Mitra",KG,A,Cricket,"Annual Sports Meet 2025",Participated,Beginner
V1A-2025-0089,"Reyansh Dutta",KG,A,Athletics,"Annual Sports Meet 2025",Participated,Intermediate
V1A-2025-0090,"Seema Dutta",KG,A,"Table Tennis","Annual Sports Meet 2025",Participated,Advanced
V1A-2025-0091,"Neha Chopra",KG,B,Basketball,"Annual Sports Meet 2025","Did Not Participate",N/A
V1A-2025-0092,"Gauri Malhotra",KG,B,Football,"Annual Sports Meet 2025",Participated,Intermediate
V1A-2025-0093,"Arjun Kapoor",KG,B,Cricket,"Annual Sports Meet 2025",Participated,Advanced
V1A-2025-0094,"Ritu Kapoor",KG,B,Athletics,"Annual Sports Meet 2025",Participated,Beginner
V1A-2025-0095,"Meera Khanna",KG,B,"Table Tennis","Annual Sports Meet 2025",Participated,Intermediate
V1A-2025-0096,"Ananya Bhatia",KG,B,Basketball,"Annual Sports Meet 2025","Did Not Participate",N/A
V1A-2025-0097,"Aditya Ahuja",KG,B,Football,"Annual Sports Meet 2025",Participated,Beginner
V1A-2025-0098,"Ramesh Ahuja",KG,B,Cricket,"Annual Sports Meet 2025",Participated,Intermediate
V1A-2025-0099,"Riya Chauhan",KG,B,Athletics,"Annual Sports Meet 2025",Participated,Advanced
V1A-2025-0100,"Pranav Rajput",KG,B,"Table Tennis","Annual Sports Meet 2025",Participated,Beginner
V1A-2025-0101,"Aarav Yadav",KG,B,Basketball,"Annual Sports Meet 2025","Did Not Participate",N/A
V1A-2025-0102,"Vikram Yadav",KG,B,Football,"Annual Sports Meet 2025",Participated,Advanced
V1A-2025-0103,"Ira Mishra",KG,B,Cricket,"Annual Sports Meet 2025",Participated,Beginner
V1A-2025-0104,"Atharv Tiwari",KG,B,Athletics,"Annual Sports Meet 2025",Participated,Intermediate
V1A-2025-0105,"Usha Tiwari",KG,B,"Table Tennis","Annual Sports Meet 2025",Participated,Advanced
V1A-2025-0106,"Sunil Pandey",KG,B,Basketball,"Annual Sports Meet 2025","Did Not Participate",N/A
V1A-2025-0107,"Myra Dubey",KG,B,Football,"Annual Sports Meet 2025",Participated,Intermediate
V1A-2025-0108,"Ishaan Ojha",KG,B,Cricket,"Annual Sports Meet 2025",Participated,Advanced
V1A-2025-0109,"Sunita Ojha",KG,B,Athletics,"Annual Sports Meet 2025",Participated,Beginner
V1A-2025-0110,"Rohan Sharma",KG,B,"Table Tennis","Annual Sports Meet 2025",Participated,Intermediate
V1A-2025-0111,"Anvi Verma",KG,B,Basketball,"Annual Sports Meet 2025","Did Not Participate",N/A
V1A-2025-0112,"Ayaan Patel",KG,B,Football,"Annual Sports Meet 2025",Participated,Beginner
V1A-2025-0113,"Sita Patel",KG,B,Cricket,"Annual Sports Meet 2025",Participated,Intermediate
V1A-2025-0114,"Pooja Reddy",KG,B,Athletics,"Annual Sports Meet 2025",Participated,Advanced
V1A-2025-0115,"Aadhya Nair",KG,B,"Table Tennis","Annual Sports Meet 2025",Participated,Beginner
V1A-2025-0116,"Sai Iyer",KG,B,Basketball,"Annual Sports Meet 2025","Did Not Participate",N/A
V1A-2025-0117,"Geeta Iyer",KG,B,Football,"Annual Sports Meet 2025",Participated,Advanced
V1A-2025-0118,"Roshni Gupta",KG,B,Cricket,"Annual Sports Meet 2025",Participated,Beginner
V1A-2025-0119,"Diya Singh",KG,B,Athletics,"Annual Sports Meet 2025",Participated,Intermediate
V1A-2025-0120,"Vihaan Deshmukh",KG,B,"Table Tennis","Annual Sports Meet 2025",Participated,Advanced
V1A-2025-0121,"Ravi Deshmukh",CBSE-1,A,Basketball,"Annual Sports Meet 2025","Did Not Participate",N/A
V1A-2025-0122,"Kavya Kulkarni",CBSE-1,A,Football,"Annual Sports Meet 2025",Participated,Intermediate
V1A-2025-0123,"Advaith Joshi",CBSE-1,A,Cricket,"Annual Sports Meet 2025",Participated,Advanced
V1A-2025-0124,"Vivaan Bhat",CBSE-1,A,Athletics,"Annual Sports Meet 2025",Participated,Beginner
V1A-2025-0125,"Suresh Bhat",CBSE-1,A,"Table Tennis","Annual Sports Meet 2025",Participated,Intermediate
V1A-2025-0126,"Avani Rao",CBSE-1,A,Basketball,"Annual Sports Meet 2025","Did Not Participate",N/A
V1A-2025-0127,"Advik Choudhury",CBSE-1,A,Football,"Annual Sports Meet 2025",Participated,Beginner
V1A-2025-0128,"Lata Choudhury",CBSE-1,A,Cricket,"Annual Sports Meet 2025",Participated,Intermediate
V1A-2025-0129,"Karan Mehta",CBSE-1,A,Athletics,"Annual Sports Meet 2025",Participated,Advanced
V1A-2025-0130,"Sara Shah",CBSE-1,A,"Table Tennis","Annual Sports Meet 2025",Participated,Beginner
V1A-2025-0131,"Shaurya Mukherjee",CBSE-1,A,Basketball,"Annual Sports Meet 2025","Did Not Participate",N/A
V1A-2025-0132,"Asha Mukherjee",CBSE-1,A,Football,"Annual Sports Meet 2025",Participated,Advanced
V1A-2025-0133,"Amit Banerjee",CBSE-1,A,Cricket,"Annual Sports Meet 2025",Participated,Beginner
V1A-2025-0134,"Saanvi Ghosh",CBSE-1,A,Athletics,"Annual Sports Meet 2025",Participated,Intermediate
V1A-2025-0135,"Krishna Chatterjee",CBSE-1,A,"Table Tennis","Annual Sports Meet 2025",Participated,Advanced
V1A-2025-0136,"Anita Chatterjee",CBSE-1,A,Basketball,"Annual Sports Meet 2025","Did Not Participate",N/A
V1A-2025-0137,"Rahul Nath",CBSE-1,A,Football,"Annual Sports Meet 2025",Participated,Intermediate
V1A-2025-0138,"Pari Sen",CBSE-1,A,Cricket,"Annual Sports Meet 2025",Participated,Advanced
V1A-2025-0139,"Reyansh Das",CBSE-1,A,Athletics,"Annual Sports Meet 2025",Participated,Beginner
V1A-2025-0140,"Seema Das",CBSE-1,A,"Table Tennis","Annual Sports Meet 2025",Participated,Intermediate
V1A-2025-0141,"Neha Bose",CBSE-1,A,Basketball,"Annual Sports Meet 2025","Did Not Participate",N/A
V1A-2025-0142,"Gauri Mitra",CBSE-1,A,Football,"Annual Sports Meet 2025",Participated,Beginner
V1A-2025-0143,"Arjun Dutta",CBSE-1,A,Cricket,"Annual Sports Meet 2025",Participated,Intermediate
V1A-2025-0144,"Ritu Dutta",CBSE-1,A,Athletics,"Annual Sports Meet 2025",Participated,Advanced
V1A-2025-0145,"Meera Chopra",CBSE-1,A,"Table Tennis","Annual Sports Meet 2025",Participated,Beginner
V1A-2025-0146,"Ananya Malhotra",CBSE-1,A,Basketball,"Annual Sports Meet 2025","Did Not Participate",N/A
V1A-2025-0147,"Aditya Kapoor",CBSE-1,A,Football,"Annual Sports Meet 2025",Participated,Advanced
V1A-2025-0148,"Ramesh Kapoor",CBSE-1,A,Cricket,"Annual Sports Meet 2025",Participated,Beginner
V1A-2025-0149,"Riya Khanna",CBSE-1,A,Athletics,"Annual Sports Meet 2025",Participated,Intermediate
V1A-2025-0150,"Pranav Bhatia",CBSE-1,A,"Table Tennis","Annual Sports Meet 2025",Participated,Advanced
V1A-2025-0151,"Aarav Ahuja",CBSE-1,B,Basketball,"Annual Sports Meet 2025","Did Not Participate",N/A
V1A-2025-0152,"Vikram Ahuja",CBSE-1,B,Football,"Annual Sports Meet 2025",Participated,Intermediate
V1A-2025-0153,"Ira Chauhan",CBSE-1,B,Cricket,"Annual Sports Meet 2025",Participated,Advanced
V1A-2025-0154,"Atharv Rajput",CBSE-1,B,Athletics,"Annual Sports Meet 2025",Participated,Beginner
V1A-2025-0155,"Usha Rajput",CBSE-1,B,"Table Tennis","Annual Sports Meet 2025",Participated,Intermediate
V1A-2025-0156,"Sunil Yadav",CBSE-1,B,Basketball,"Annual Sports Meet 2025","Did Not Participate",N/A
V1A-2025-0157,"Myra Mishra",CBSE-1,B,Football,"Annual Sports Meet 2025",Participated,Beginner
V1A-2025-0158,"Ishaan Tiwari",CBSE-1,B,Cricket,"Annual Sports Meet 2025",Participated,Intermediate
V1A-2025-0159,"Sunita Tiwari",CBSE-1,B,Athletics,"Annual Sports Meet 2025",Participated,Advanced
V1A-2025-0160,"Rohan Pandey",CBSE-1,B,"Table Tennis","Annual Sports Meet 2025",Participated,Beginner
V1A-2025-0161,"Anvi Dubey",CBSE-1,B,Basketball,"Annual Sports Meet 2025","Did Not Participate",N/A
V1A-2025-0162,"Ayaan Ojha",CBSE-1,B,Football,"Annual Sports Meet 2025",Participated,Advanced
V1A-2025-0163,"Sita Ojha",CBSE-1,B,Cricket,"Annual Sports Meet 2025",Participated,Beginner
V1A-2025-0164,"Pooja Sharma",CBSE-1,B,Athletics,"Annual Sports Meet 2025",Participated,Intermediate
V1A-2025-0165,"Aadhya Verma",CBSE-1,B,"Table Tennis","Annual Sports Meet 2025",Participated,Advanced
V1A-2025-0166,"Sai Patel",CBSE-1,B,Basketball,"Annual Sports Meet 2025","Did Not Participate",N/A
V1A-2025-0167,"Geeta Patel",CBSE-1,B,Football,"Annual Sports Meet 2025",Participated,Intermediate
V1A-2025-0168,"Roshni Reddy",CBSE-1,B,Cricket,"Annual Sports Meet 2025",Participated,Advanced
V1A-2025-0169,"Diya Nair",CBSE-1,B,Athletics,"Annual Sports Meet 2025",Participated,Beginner
V1A-2025-0170,"Vihaan Iyer",CBSE-1,B,"Table Tennis","Annual Sports Meet 2025",Participated,Intermediate
V1A-2025-0171,"Ravi Iyer",CBSE-1,B,Basketball,"Annual Sports Meet 2025","Did Not Participate",N/A
V1A-2025-0172,"Kavya Gupta",CBSE-1,B,Football,"Annual Sports Meet 2025",Participated,Beginner
V1A-2025-0173,"Advaith Singh",CBSE-1,B,Cricket,"Annual Sports Meet 2025",Participated,Intermediate
V1A-2025-0174,"Vivaan Deshmukh",CBSE-1,B,Athletics,"Annual Sports Meet 2025",Participated,Advanced
V1A-2025-0175,"Suresh Deshmukh",CBSE-1,B,"Table Tennis","Annual Sports Meet 2025",Participated,Beginner
V1A-2025-0176,"Avani Kulkarni",CBSE-1,B,Basketball,"Annual Sports Meet 2025","Did Not Participate",N/A
V1A-2025-0177,"Advik Joshi",CBSE-1,B,Football,"Annual Sports Meet 2025",Participated,Advanced
V1A-2025-0178,"Lata Joshi",CBSE-1,B,Cricket,"Annual Sports Meet 2025",Participated,Beginner
V1A-2025-0179,"Karan Bhat",CBSE-1,B,Athletics,"Annual Sports Meet 2025",Participated,Intermediate
V1A-2025-0180,"Sara Rao",CBSE-1,B,"Table Tennis","Annual Sports Meet 2025",Participated,Advanced
V1A-2025-0181,"Shaurya Choudhury",CBSE-2,A,Basketball,"Annual Sports Meet 2025","Did Not Participate",N/A
V1A-2025-0182,"Asha Choudhury",CBSE-2,A,Football,"Annual Sports Meet 2025",Participated,Intermediate
V1A-2025-0183,"Amit Mehta",CBSE-2,A,Cricket,"Annual Sports Meet 2025",Participated,Advanced
V1A-2025-0184,"Saanvi Shah",CBSE-2,A,Athletics,"Annual Sports Meet 2025",Participated,Beginner
V1A-2025-0185,"Krishna Mukherjee",CBSE-2,A,"Table Tennis","Annual Sports Meet 2025",Participated,Intermediate
V1A-2025-0186,"Anita Mukherjee",CBSE-2,A,Basketball,"Annual Sports Meet 2025","Did Not Participate",N/A
V1A-2025-0187,"Rahul Banerjee",CBSE-2,A,Football,"Annual Sports Meet 2025",Participated,Beginner
V1A-2025-0188,"Pari Ghosh",CBSE-2,A,Cricket,"Annual Sports Meet 2025",Participated,Intermediate
V1A-2025-0189,"Reyansh Chatterjee",CBSE-2,A,Athletics,"Annual Sports Meet 2025",Participated,Advanced
V1A-2025-0190,"Seema Chatterjee",CBSE-2,A,"Table Tennis","Annual Sports Meet 2025",Participated,Beginner
V1A-2025-0191,"Neha Nath",CBSE-2,A,Basketball,"Annual Sports Meet 2025","Did Not Participate",N/A
V1A-2025-0192,"Gauri Sen",CBSE-2,A,Football,"Annual Sports Meet 2025",Participated,Advanced
V1A-2025-0193,"Arjun Das",CBSE-2,A,Cricket,"Annual Sports Meet 2025",Participated,Beginner
V1A-2025-0194,"Ritu Das",CBSE-2,A,Athletics,"Annual Sports Meet 2025",Participated,Intermediate
V1A-2025-0195,"Meera Bose",CBSE-2,A,"Table Tennis","Annual Sports Meet 2025",Participated,Advanced
V1A-2025-0196,"Ananya Mitra",CBSE-2,A,Basketball,"Annual Sports Meet 2025","Did Not Participate",N/A
V1A-2025-0197,"Aditya Dutta",CBSE-2,A,Football,"Annual Sports Meet 2025",Participated,Intermediate
V1A-2025-0198,"Ramesh Dutta",CBSE-2,A,Cricket,"Annual Sports Meet 2025",Participated,Advanced
V1A-2025-0199,"Riya Chopra",CBSE-2,A,Athletics,"Annual Sports Meet 2025",Participated,Beginner
V1A-2025-0200,"Pranav Malhotra",CBSE-2,A,"Table Tennis","Annual Sports Meet 2025",Participated,Intermediate
V1A-2025-0201,"Aarav Kapoor",CBSE-2,A,Basketball,"Annual Sports Meet 2025","Did Not Participate",N/A
V1A-2025-0202,"Vikram Kapoor",CBSE-2,A,Football,"Annual Sports Meet 2025",Participated,Beginner
V1A-2025-0203,"Ira Khanna",CBSE-2,A,Cricket,"Annual Sports Meet 2025",Participated,Intermediate
V1A-2025-0204,"Atharv Bhatia",CBSE-2,A,Athletics,"Annual Sports Meet 2025",Participated,Advanced
V1A-2025-0205,"Usha Bhatia",CBSE-2,A,"Table Tennis","Annual Sports Meet 2025",Participated,Beginner
V1A-2025-0206,"Sunil Ahuja",CBSE-2,A,Basketball,"Annual Sports Meet 2025","Did Not Participate",N/A
V1A-2025-0207,"Myra Chauhan",CBSE-2,A,Football,"Annual Sports Meet 2025",Participated,Advanced
V1A-2025-0208,"Ishaan Rajput",CBSE-2,A,Cricket,"Annual Sports Meet 2025",Participated,Beginner
V1A-2025-0209,"Sunita Rajput",CBSE-2,A,Athletics,"Annual Sports Meet 2025",Participated,Intermediate
V1A-2025-0210,"Rohan Yadav",CBSE-2,A,"Table Tennis","Annual Sports Meet 2025",Participated,Advanced
V1A-2025-0211,"Anvi Mishra",CBSE-2,B,Basketball,"Annual Sports Meet 2025","Did Not Participate",N/A
V1A-2025-0212,"Ayaan Tiwari",CBSE-2,B,Football,"Annual Sports Meet 2025",Participated,Intermediate
V1A-2025-0213,"Sita Tiwari",CBSE-2,B,Cricket,"Annual Sports Meet 2025",Participated,Advanced
V1A-2025-0214,"Pooja Pandey",CBSE-2,B,Athletics,"Annual Sports Meet 2025",Participated,Beginner
V1A-2025-0215,"Aadhya Dubey",CBSE-2,B,"Table Tennis","Annual Sports Meet 2025",Participated,Intermediate
V1A-2025-0216,"Sai Ojha",CBSE-2,B,Basketball,"Annual Sports Meet 2025","Did Not Participate",N/A
V1A-2025-0217,"Geeta Ojha",CBSE-2,B,Football,"Annual Sports Meet 2025",Participated,Beginner
V1A-2025-0218,"Roshni Sharma",CBSE-2,B,Cricket,"Annual Sports Meet 2025",Participated,Intermediate
V1A-2025-0219,"Diya Verma",CBSE-2,B,Athletics,"Annual Sports Meet 2025",Participated,Advanced
V1A-2025-0220,"Vihaan Patel",CBSE-2,B,"Table Tennis","Annual Sports Meet 2025",Participated,Beginner
V1A-2025-0221,"Ravi Patel",CBSE-2,B,Basketball,"Annual Sports Meet 2025","Did Not Participate",N/A
V1A-2025-0222,"Kavya Reddy",CBSE-2,B,Football,"Annual Sports Meet 2025",Participated,Advanced
V1A-2025-0223,"Advaith Nair",CBSE-2,B,Cricket,"Annual Sports Meet 2025",Participated,Beginner
V1A-2025-0224,"Vivaan Iyer",CBSE-2,B,Athletics,"Annual Sports Meet 2025",Participated,Intermediate
V1A-2025-0225,"Suresh Iyer",CBSE-2,B,"Table Tennis","Annual Sports Meet 2025",Participated,Advanced
V1A-2025-0226,"Avani Gupta",CBSE-2,B,Basketball,"Annual Sports Meet 2025","Did Not Participate",N/A
V1A-2025-0227,"Advik Singh",CBSE-2,B,Football,"Annual Sports Meet 2025",Participated,Intermediate
V1A-2025-0228,"Lata Singh",CBSE-2,B,Cricket,"Annual Sports Meet 2025",Participated,Advanced
V1A-2025-0229,"Karan Deshmukh",CBSE-2,B,Athletics,"Annual Sports Meet 2025",Participated,Beginner
V1A-2025-0230,"Sara Kulkarni",CBSE-2,B,"Table Tennis","Annual Sports Meet 2025",Participated,Intermediate
V1A-2025-0231,"Shaurya Joshi",CBSE-2,B,Basketball,"Annual Sports Meet 2025","Did Not Participate",N/A
V1A-2025-0232,"Asha Joshi",CBSE-2,B,Football,"Annual Sports Meet 2025",Participated,Beginner
V1A-2025-0233,"Amit Bhat",CBSE-2,B,Cricket,"Annual Sports Meet 2025",Participated,Intermediate
V1A-2025-0234,"Saanvi Rao",CBSE-2,B,Athletics,"Annual Sports Meet 2025",Participated,Advanced
V1A-2025-0235,"Krishna Choudhury",CBSE-2,B,"Table Tennis","Annual Sports Meet 2025",Participated,Beginner
V1A-2025-0236,"Anita Choudhury",CBSE-2,B,Basketball,"Annual Sports Meet 2025","Did Not Participate",N/A
V1A-2025-0237,"Rahul Mehta",CBSE-2,B,Football,"Annual Sports Meet 2025",Participated,Advanced
V1A-2025-0238,"Pari Shah",CBSE-2,B,Cricket,"Annual Sports Meet 2025",Participated,Beginner
V1A-2025-0239,"Reyansh Mukherjee",CBSE-2,B,Athletics,"Annual Sports Meet 2025",Participated,Intermediate
V1A-2025-0240,"Seema Mukherjee",CBSE-2,B,"Table Tennis","Annual Sports Meet 2025",Participated,Advanced
V1A-2025-0241,"Neha Banerjee",CBSE-3,A,Basketball,"Annual Sports Meet 2025","Did Not Participate",N/A
V1A-2025-0242,"Gauri Ghosh",CBSE-3,A,Football,"Annual Sports Meet 2025",Participated,Intermediate
V1A-2025-0243,"Arjun Chatterjee",CBSE-3,A,Cricket,"Annual Sports Meet 2025",Participated,Advanced
V1A-2025-0244,"Ritu Chatterjee",CBSE-3,A,Athletics,"Annual Sports Meet 2025",Participated,Beginner
V1A-2025-0245,"Meera Nath",CBSE-3,A,"Table Tennis","Annual Sports Meet 2025",Participated,Intermediate
V1A-2025-0246,"Ananya Sen",CBSE-3,A,Basketball,"Annual Sports Meet 2025","Did Not Participate",N/A
V1A-2025-0247,"Aditya Das",CBSE-3,A,Football,"Annual Sports Meet 2025",Participated,Beginner
V1A-2025-0248,"Ramesh Das",CBSE-3,A,Cricket,"Annual Sports Meet 2025",Participated,Intermediate
V1A-2025-0249,"Riya Bose",CBSE-3,A,Athletics,"Annual Sports Meet 2025",Participated,Advanced
V1A-2025-0250,"Pranav Mitra",CBSE-3,A,"Table Tennis","Annual Sports Meet 2025",Participated,Beginner
V1A-2025-0251,"Aarav Dutta",CBSE-3,A,Basketball,"Annual Sports Meet 2025","Did Not Participate",N/A
V1A-2025-0252,"Vikram Dutta",CBSE-3,A,Football,"Annual Sports Meet 2025",Participated,Advanced
V1A-2025-0253,"Ira Chopra",CBSE-3,A,Cricket,"Annual Sports Meet 2025",Participated,Beginner
V1A-2025-0254,"Atharv Malhotra",CBSE-3,A,Athletics,"Annual Sports Meet 2025",Participated,Intermediate
V1A-2025-0255,"Usha Malhotra",CBSE-3,A,"Table Tennis","Annual Sports Meet 2025",Participated,Advanced
V1A-2025-0256,"Sunil Kapoor",CBSE-3,A,Basketball,"Annual Sports Meet 2025","Did Not Participate",N/A
V1A-2025-0257,"Myra Khanna",CBSE-3,A,Football,"Annual Sports Meet 2025",Participated,Intermediate
V1A-2025-0258,"Ishaan Bhatia",CBSE-3,A,Cricket,"Annual Sports Meet 2025",Participated,Advanced
V1A-2025-0259,"Sunita Bhatia",CBSE-3,A,Athletics,"Annual Sports Meet 2025",Participated,Beginner
V1A-2025-0260,"Rohan Ahuja",CBSE-3,A,"Table Tennis","Annual Sports Meet 2025",Participated,Intermediate
V1A-2025-0261,"Anvi Chauhan",CBSE-3,A,Basketball,"Annual Sports Meet 2025","Did Not Participate",N/A
V1A-2025-0262,"Ayaan Rajput",CBSE-3,A,Football,"Annual Sports Meet 2025",Participated,Beginner
V1A-2025-0263,"Sita Rajput",CBSE-3,A,Cricket,"Annual Sports Meet 2025",Participated,Intermediate
V1A-2025-0264,"Pooja Yadav",CBSE-3,A,Athletics,"Annual Sports Meet 2025",Participated,Advanced
V1A-2025-0265,"Aadhya Mishra",CBSE-3,A,"Table Tennis","Annual Sports Meet 2025",Participated,Beginner
V1A-2025-0266,"Sai Tiwari",CBSE-3,A,Basketball,"Annual Sports Meet 2025","Did Not Participate",N/A
V1A-2025-0267,"Geeta Tiwari",CBSE-3,A,Football,"Annual Sports Meet 2025",Participated,Advanced
V1A-2025-0268,"Roshni Pandey",CBSE-3,A,Cricket,"Annual Sports Meet 2025",Participated,Beginner
V1A-2025-0269,"Diya Dubey",CBSE-3,A,Athletics,"Annual Sports Meet 2025",Participated,Intermediate
V1A-2025-0270,"Vihaan Ojha",CBSE-3,A,"Table Tennis","Annual Sports Meet 2025",Participated,Advanced
V1A-2025-0271,"Ravi Ojha",CBSE-3,B,Basketball,"Annual Sports Meet 2025","Did Not Participate",N/A
V1A-2025-0272,"Kavya Sharma",CBSE-3,B,Football,"Annual Sports Meet 2025",Participated,Intermediate
V1A-2025-0273,"Advaith Verma",CBSE-3,B,Cricket,"Annual Sports Meet 2025",Participated,Advanced
V1A-2025-0274,"Vivaan Patel",CBSE-3,B,Athletics,"Annual Sports Meet 2025",Participated,Beginner
V1A-2025-0275,"Suresh Patel",CBSE-3,B,"Table Tennis","Annual Sports Meet 2025",Participated,Intermediate
V1A-2025-0276,"Avani Reddy",CBSE-3,B,Basketball,"Annual Sports Meet 2025","Did Not Participate",N/A
V1A-2025-0277,"Advik Nair",CBSE-3,B,Football,"Annual Sports Meet 2025",Participated,Beginner
V1A-2025-0278,"Lata Nair",CBSE-3,B,Cricket,"Annual Sports Meet 2025",Participated,Intermediate
V1A-2025-0279,"Karan Iyer",CBSE-3,B,Athletics,"Annual Sports Meet 2025",Participated,Advanced
V1A-2025-0280,"Sara Gupta",CBSE-3,B,"Table Tennis","Annual Sports Meet 2025",Participated,Beginner
V1A-2025-0281,"Shaurya Singh",CBSE-3,B,Basketball,"Annual Sports Meet 2025","Did Not Participate",N/A
V1A-2025-0282,"Asha Singh",CBSE-3,B,Football,"Annual Sports Meet 2025",Participated,Advanced
V1A-2025-0283,"Amit Deshmukh",CBSE-3,B,Cricket,"Annual Sports Meet 2025",Participated,Beginner
V1A-2025-0284,"Saanvi Kulkarni",CBSE-3,B,Athletics,"Annual Sports Meet 2025",Participated,Intermediate
V1A-2025-0285,"Krishna Joshi",CBSE-3,B,"Table Tennis","Annual Sports Meet 2025",Participated,Advanced
V1A-2025-0286,"Anita Joshi",CBSE-3,B,Basketball,"Annual Sports Meet 2025","Did Not Participate",N/A
V1A-2025-0287,"Rahul Bhat",CBSE-3,B,Football,"Annual Sports Meet 2025",Participated,Intermediate
V1A-2025-0288,"Pari Rao",CBSE-3,B,Cricket,"Annual Sports Meet 2025",Participated,Advanced
V1A-2025-0289,"Reyansh Choudhury",CBSE-3,B,Athletics,"Annual Sports Meet 2025",Participated,Beginner
V1A-2025-0290,"Seema Choudhury",CBSE-3,B,"Table Tennis","Annual Sports Meet 2025",Participated,Intermediate
V1A-2025-0291,"Neha Mehta",CBSE-3,B,Basketball,"Annual Sports Meet 2025","Did Not Participate",N/A
V1A-2025-0292,"Gauri Shah",CBSE-3,B,Football,"Annual Sports Meet 2025",Participated,Beginner
V1A-2025-0293,"Arjun Mukherjee",CBSE-3,B,Cricket,"Annual Sports Meet 2025",Participated,Intermediate
V1A-2025-0294,"Ritu Mukherjee",CBSE-3,B,Athletics,"Annual Sports Meet 2025",Participated,Advanced
V1A-2025-0295,"Meera Banerjee",CBSE-3,B,"Table Tennis","Annual Sports Meet 2025",Participated,Beginner
V1A-2025-0296,"Ananya Ghosh",CBSE-3,B,Basketball,"Annual Sports Meet 2025","Did Not Participate",N/A
V1A-2025-0297,"Aditya Chatterjee",CBSE-3,B,Football,"Annual Sports Meet 2025",Participated,Advanced
V1A-2025-0298,"Ramesh Chatterjee",CBSE-3,B,Cricket,"Annual Sports Meet 2025",Participated,Beginner
V1A-2025-0299,"Riya Nath",CBSE-3,B,Athletics,"Annual Sports Meet 2025",Participated,Intermediate
V1A-2025-0300,"Pranav Sen",CBSE-3,B,"Table Tennis","Annual Sports Meet 2025",Participated,Advanced
V1A-2025-0301,"Aarav Das",CBSE-4,A,Basketball,"Annual Sports Meet 2025","Did Not Participate",N/A
V1A-2025-0302,"Vikram Das",CBSE-4,A,Football,"Annual Sports Meet 2025",Participated,Intermediate
V1A-2025-0303,"Ira Bose",CBSE-4,A,Cricket,"Annual Sports Meet 2025",Participated,Advanced
V1A-2025-0304,"Atharv Mitra",CBSE-4,A,Athletics,"Annual Sports Meet 2025",Participated,Beginner
V1A-2025-0305,"Usha Mitra",CBSE-4,A,"Table Tennis","Annual Sports Meet 2025",Participated,Intermediate
V1A-2025-0306,"Sunil Dutta",CBSE-4,A,Basketball,"Annual Sports Meet 2025","Did Not Participate",N/A
V1A-2025-0307,"Myra Chopra",CBSE-4,A,Football,"Annual Sports Meet 2025",Participated,Beginner
V1A-2025-0308,"Ishaan Malhotra",CBSE-4,A,Cricket,"Annual Sports Meet 2025",Participated,Intermediate
V1A-2025-0309,"Sunita Malhotra",CBSE-4,A,Athletics,"Annual Sports Meet 2025",Participated,Advanced
V1A-2025-0310,"Rohan Kapoor",CBSE-4,A,"Table Tennis","Annual Sports Meet 2025",Participated,Beginner
V1A-2025-0311,"Anvi Khanna",CBSE-4,A,Basketball,"Annual Sports Meet 2025","Did Not Participate",N/A
V1A-2025-0312,"Ayaan Bhatia",CBSE-4,A,Football,"Annual Sports Meet 2025",Participated,Advanced
V1A-2025-0313,"Sita Bhatia",CBSE-4,A,Cricket,"Annual Sports Meet 2025",Participated,Beginner
V1A-2025-0314,"Pooja Ahuja",CBSE-4,A,Athletics,"Annual Sports Meet 2025",Participated,Intermediate
V1A-2025-0315,"Aadhya Chauhan",CBSE-4,A,"Table Tennis","Annual Sports Meet 2025",Participated,Advanced
V1A-2025-0316,"Sai Rajput",CBSE-4,A,Basketball,"Annual Sports Meet 2025","Did Not Participate",N/A
V1A-2025-0317,"Geeta Rajput",CBSE-4,A,Football,"Annual Sports Meet 2025",Participated,Intermediate
V1A-2025-0318,"Roshni Yadav",CBSE-4,A,Cricket,"Annual Sports Meet 2025",Participated,Advanced
V1A-2025-0319,"Diya Mishra",CBSE-4,A,Athletics,"Annual Sports Meet 2025",Participated,Beginner
V1A-2025-0320,"Vihaan Tiwari",CBSE-4,A,"Table Tennis","Annual Sports Meet 2025",Participated,Intermediate
V1A-2025-0321,"Ravi Tiwari",CBSE-4,A,Basketball,"Annual Sports Meet 2025","Did Not Participate",N/A
V1A-2025-0322,"Kavya Pandey",CBSE-4,A,Football,"Annual Sports Meet 2025",Participated,Beginner
V1A-2025-0323,"Advaith Dubey",CBSE-4,A,Cricket,"Annual Sports Meet 2025",Participated,Intermediate
V1A-2025-0324,"Vivaan Ojha",CBSE-4,A,Athletics,"Annual Sports Meet 2025",Participated,Advanced
V1A-2025-0325,"Suresh Ojha",CBSE-4,A,"Table Tennis","Annual Sports Meet 2025",Participated,Beginner
V1A-2025-0326,"Avani Sharma",CBSE-4,A,Basketball,"Annual Sports Meet 2025","Did Not Participate",N/A
V1A-2025-0327,"Advik Verma",CBSE-4,A,Football,"Annual Sports Meet 2025",Participated,Advanced
V1A-2025-0328,"Lata Verma",CBSE-4,A,Cricket,"Annual Sports Meet 2025",Participated,Beginner
V1A-2025-0329,"Karan Patel",CBSE-4,A,Athletics,"Annual Sports Meet 2025",Participated,Intermediate
V1A-2025-0330,"Sara Reddy",CBSE-4,A,"Table Tennis","Annual Sports Meet 2025",Participated,Advanced
V1A-2025-0331,"Shaurya Nair",CBSE-4,B,Basketball,"Annual Sports Meet 2025","Did Not Participate",N/A
V1A-2025-0332,"Asha Nair",CBSE-4,B,Football,"Annual Sports Meet 2025",Participated,Intermediate
V1A-2025-0333,"Amit Iyer",CBSE-4,B,Cricket,"Annual Sports Meet 2025",Participated,Advanced
V1A-2025-0334,"Saanvi Gupta",CBSE-4,B,Athletics,"Annual Sports Meet 2025",Participated,Beginner
V1A-2025-0335,"Krishna Singh",CBSE-4,B,"Table Tennis","Annual Sports Meet 2025",Participated,Intermediate
V1A-2025-0336,"Anita Singh",CBSE-4,B,Basketball,"Annual Sports Meet 2025","Did Not Participate",N/A
V1A-2025-0337,"Rahul Deshmukh",CBSE-4,B,Football,"Annual Sports Meet 2025",Participated,Beginner
V1A-2025-0338,"Pari Kulkarni",CBSE-4,B,Cricket,"Annual Sports Meet 2025",Participated,Intermediate
V1A-2025-0339,"Reyansh Joshi",CBSE-4,B,Athletics,"Annual Sports Meet 2025",Participated,Advanced
V1A-2025-0340,"Seema Joshi",CBSE-4,B,"Table Tennis","Annual Sports Meet 2025",Participated,Beginner
V1A-2025-0341,"Neha Bhat",CBSE-4,B,Basketball,"Annual Sports Meet 2025","Did Not Participate",N/A
V1A-2025-0342,"Gauri Rao",CBSE-4,B,Football,"Annual Sports Meet 2025",Participated,Advanced
V1A-2025-0343,"Arjun Choudhury",CBSE-4,B,Cricket,"Annual Sports Meet 2025",Participated,Beginner
V1A-2025-0344,"Ritu Choudhury",CBSE-4,B,Athletics,"Annual Sports Meet 2025",Participated,Intermediate
V1A-2025-0345,"Meera Mehta",CBSE-4,B,"Table Tennis","Annual Sports Meet 2025",Participated,Advanced
V1A-2025-0346,"Ananya Shah",CBSE-4,B,Basketball,"Annual Sports Meet 2025","Did Not Participate",N/A
V1A-2025-0347,"Aditya Mukherjee",CBSE-4,B,Football,"Annual Sports Meet 2025",Participated,Intermediate
V1A-2025-0348,"Ramesh Mukherjee",CBSE-4,B,Cricket,"Annual Sports Meet 2025",Participated,Advanced
V1A-2025-0349,"Riya Banerjee",CBSE-4,B,Athletics,"Annual Sports Meet 2025",Participated,Beginner
V1A-2025-0350,"Pranav Ghosh",CBSE-4,B,"Table Tennis","Annual Sports Meet 2025",Participated,Intermediate
V1A-2025-0351,"Aarav Chatterjee",CBSE-4,B,Basketball,"Annual Sports Meet 2025","Did Not Participate",N/A
V1A-2025-0352,"Vikram Chatterjee",CBSE-4,B,Football,"Annual Sports Meet 2025",Participated,Beginner
V1A-2025-0353,"Ira Nath",CBSE-4,B,Cricket,"Annual Sports Meet 2025",Participated,Intermediate
V1A-2025-0354,"Atharv Sen",CBSE-4,B,Athletics,"Annual Sports Meet 2025",Participated,Advanced
V1A-2025-0355,"Usha Sen",CBSE-4,B,"Table Tennis","Annual Sports Meet 2025",Participated,Beginner
V1A-2025-0356,"Sunil Das",CBSE-4,B,Basketball,"Annual Sports Meet 2025","Did Not Participate",N/A
V1A-2025-0357,"Myra Bose",CBSE-4,B,Football,"Annual Sports Meet 2025",Participated,Advanced
V1A-2025-0358,"Ishaan Mitra",CBSE-4,B,Cricket,"Annual Sports Meet 2025",Participated,Beginner
V1A-2025-0359,"Sunita Mitra",CBSE-4,B,Athletics,"Annual Sports Meet 2025",Participated,Intermediate
V1A-2025-0360,"Rohan Dutta",CBSE-4,B,"Table Tennis","Annual Sports Meet 2025",Participated,Advanced
V1A-2025-0361,"Anvi Chopra",CBSE-5,A,Basketball,"Annual Sports Meet 2025","Did Not Participate",N/A
V1A-2025-0362,"Ayaan Malhotra",CBSE-5,A,Football,"Annual Sports Meet 2025",Participated,Intermediate
V1A-2025-0363,"Sita Malhotra",CBSE-5,A,Cricket,"Annual Sports Meet 2025",Participated,Advanced
V1A-2025-0364,"Pooja Kapoor",CBSE-5,A,Athletics,"Annual Sports Meet 2025",Participated,Beginner
V1A-2025-0365,"Aadhya Khanna",CBSE-5,A,"Table Tennis","Annual Sports Meet 2025",Participated,Intermediate
V1A-2025-0366,"Sai Bhatia",CBSE-5,A,Basketball,"Annual Sports Meet 2025","Did Not Participate",N/A
V1A-2025-0367,"Geeta Bhatia",CBSE-5,A,Football,"Annual Sports Meet 2025",Participated,Beginner
V1A-2025-0368,"Roshni Ahuja",CBSE-5,A,Cricket,"Annual Sports Meet 2025",Participated,Intermediate
V1A-2025-0369,"Diya Chauhan",CBSE-5,A,Athletics,"Annual Sports Meet 2025",Participated,Advanced
V1A-2025-0370,"Vihaan Rajput",CBSE-5,A,"Table Tennis","Annual Sports Meet 2025",Participated,Beginner
V1A-2025-0371,"Ravi Rajput",CBSE-5,A,Basketball,"Annual Sports Meet 2025","Did Not Participate",N/A
V1A-2025-0372,"Kavya Yadav",CBSE-5,A,Football,"Annual Sports Meet 2025",Participated,Advanced
V1A-2025-0373,"Advaith Mishra",CBSE-5,A,Cricket,"Annual Sports Meet 2025",Participated,Beginner
V1A-2025-0374,"Vivaan Tiwari",CBSE-5,A,Athletics,"Annual Sports Meet 2025",Participated,Intermediate
V1A-2025-0375,"Suresh Tiwari",CBSE-5,A,"Table Tennis","Annual Sports Meet 2025",Participated,Advanced
V1A-2025-0376,"Avani Pandey",CBSE-5,A,Basketball,"Annual Sports Meet 2025","Did Not Participate",N/A
V1A-2025-0377,"Advik Dubey",CBSE-5,A,Football,"Annual Sports Meet 2025",Participated,Intermediate
V1A-2025-0378,"Lata Dubey",CBSE-5,A,Cricket,"Annual Sports Meet 2025",Participated,Advanced
V1A-2025-0379,"Karan Ojha",CBSE-5,A,Athletics,"Annual Sports Meet 2025",Participated,Beginner
V1A-2025-0380,"Sara Sharma",CBSE-5,A,"Table Tennis","Annual Sports Meet 2025",Participated,Intermediate
V1A-2025-0381,"Shaurya Verma",CBSE-5,A,Basketball,"Annual Sports Meet 2025","Did Not Participate",N/A
V1A-2025-0382,"Asha Verma",CBSE-5,A,Football,"Annual Sports Meet 2025",Participated,Beginner
V1A-2025-0383,"Amit Patel",CBSE-5,A,Cricket,"Annual Sports Meet 2025",Participated,Intermediate
V1A-2025-0384,"Saanvi Reddy",CBSE-5,A,Athletics,"Annual Sports Meet 2025",Participated,Advanced
V1A-2025-0385,"Krishna Nair",CBSE-5,A,"Table Tennis","Annual Sports Meet 2025",Participated,Beginner
V1A-2025-0386,"Anita Nair",CBSE-5,A,Basketball,"Annual Sports Meet 2025","Did Not Participate",N/A
V1A-2025-0387,"Rahul Iyer",CBSE-5,A,Football,"Annual Sports Meet 2025",Participated,Advanced
V1A-2025-0388,"Pari Gupta",CBSE-5,A,Cricket,"Annual Sports Meet 2025",Participated,Beginner
V1A-2025-0389,"Reyansh Singh",CBSE-5,A,Athletics,"Annual Sports Meet 2025",Participated,Intermediate
V1A-2025-0390,"Seema Singh",CBSE-5,A,"Table Tennis","Annual Sports Meet 2025",Participated,Advanced
V1A-2025-0391,"Neha Deshmukh",CBSE-5,B,Basketball,"Annual Sports Meet 2025","Did Not Participate",N/A
V1A-2025-0392,"Gauri Kulkarni",CBSE-5,B,Football,"Annual Sports Meet 2025",Participated,Intermediate
V1A-2025-0393,"Arjun Joshi",CBSE-5,B,Cricket,"Annual Sports Meet 2025",Participated,Advanced
V1A-2025-0394,"Ritu Joshi",CBSE-5,B,Athletics,"Annual Sports Meet 2025",Participated,Beginner
V1A-2025-0395,"Meera Bhat",CBSE-5,B,"Table Tennis","Annual Sports Meet 2025",Participated,Intermediate
V1A-2025-0396,"Ananya Rao",CBSE-5,B,Basketball,"Annual Sports Meet 2025","Did Not Participate",N/A
V1A-2025-0397,"Aditya Choudhury",CBSE-5,B,Football,"Annual Sports Meet 2025",Participated,Beginner
V1A-2025-0398,"Ramesh Choudhury",CBSE-5,B,Cricket,"Annual Sports Meet 2025",Participated,Intermediate
V1A-2025-0399,"Riya Mehta",CBSE-5,B,Athletics,"Annual Sports Meet 2025",Participated,Advanced
V1A-2025-0400,"Pranav Shah",CBSE-5,B,"Table Tennis","Annual Sports Meet 2025",Participated,Beginner
V1A-2025-0401,"Aarav Mukherjee",CBSE-5,B,Basketball,"Annual Sports Meet 2025","Did Not Participate",N/A
V1A-2025-0402,"Vikram Mukherjee",CBSE-5,B,Football,"Annual Sports Meet 2025",Participated,Advanced
V1A-2025-0403,"Ira Banerjee",CBSE-5,B,Cricket,"Annual Sports Meet 2025",Participated,Beginner
V1A-2025-0404,"Atharv Ghosh",CBSE-5,B,Athletics,"Annual Sports Meet 2025",Participated,Intermediate
V1A-2025-0405,"Usha Ghosh",CBSE-5,B,"Table Tennis","Annual Sports Meet 2025",Participated,Advanced
V1A-2025-0406,"Sunil Chatterjee",CBSE-5,B,Basketball,"Annual Sports Meet 2025","Did Not Participate",N/A
V1A-2025-0407,"Myra Nath",CBSE-5,B,Football,"Annual Sports Meet 2025",Participated,Intermediate
V1A-2025-0408,"Ishaan Sen",CBSE-5,B,Cricket,"Annual Sports Meet 2025",Participated,Advanced
V1A-2025-0409,"Sunita Sen",CBSE-5,B,Athletics,"Annual Sports Meet 2025",Participated,Beginner
V1A-2025-0410,"Rohan Das",CBSE-5,B,"Table Tennis","Annual Sports Meet 2025",Participated,Intermediate
V1A-2025-0411,"Anvi Bose",CBSE-5,B,Basketball,"Annual Sports Meet 2025","Did Not Participate",N/A
V1A-2025-0412,"Ayaan Mitra",CBSE-5,B,Football,"Annual Sports Meet 2025",Participated,Beginner
V1A-2025-0413,"Sita Mitra",CBSE-5,B,Cricket,"Annual Sports Meet 2025",Participated,Intermediate
V1A-2025-0414,"Pooja Dutta",CBSE-5,B,Athletics,"Annual Sports Meet 2025",Participated,Advanced
V1A-2025-0415,"Aadhya Chopra",CBSE-5,B,"Table Tennis","Annual Sports Meet 2025",Participated,Beginner
V1A-2025-0416,"Sai Malhotra",CBSE-5,B,Basketball,"Annual Sports Meet 2025","Did Not Participate",N/A
V1A-2025-0417,"Geeta Malhotra",CBSE-5,B,Football,"Annual Sports Meet 2025",Participated,Advanced
V1A-2025-0418,"Roshni Kapoor",CBSE-5,B,Cricket,"Annual Sports Meet 2025",Participated,Beginner
V1A-2025-0419,"Diya Khanna",CBSE-5,B,Athletics,"Annual Sports Meet 2025",Participated,Intermediate
V1A-2025-0420,"Vihaan Bhatia",CBSE-5,B,"Table Tennis","Annual Sports Meet 2025",Participated,Advanced
V1A-2025-0421,"Ravi Bhatia",CBSE-6,A,Basketball,"Annual Sports Meet 2025","Did Not Participate",N/A
V1A-2025-0422,"Kavya Ahuja",CBSE-6,A,Football,"Annual Sports Meet 2025",Participated,Intermediate
V1A-2025-0423,"Advaith Chauhan",CBSE-6,A,Cricket,"Annual Sports Meet 2025",Participated,Advanced
V1A-2025-0424,"Vivaan Rajput",CBSE-6,A,Athletics,"Annual Sports Meet 2025",Participated,Beginner
V1A-2025-0425,"Suresh Rajput",CBSE-6,A,"Table Tennis","Annual Sports Meet 2025",Participated,Intermediate
V1A-2025-0426,"Avani Yadav",CBSE-6,A,Basketball,"Annual Sports Meet 2025","Did Not Participate",N/A
V1A-2025-0427,"Advik Mishra",CBSE-6,A,Football,"Annual Sports Meet 2025",Participated,Beginner
V1A-2025-0428,"Lata Mishra",CBSE-6,A,Cricket,"Annual Sports Meet 2025",Participated,Intermediate
V1A-2025-0429,"Karan Tiwari",CBSE-6,A,Athletics,"Annual Sports Meet 2025",Participated,Advanced
V1A-2025-0430,"Sara Pandey",CBSE-6,A,"Table Tennis","Annual Sports Meet 2025",Participated,Beginner
V1A-2025-0431,"Shaurya Dubey",CBSE-6,A,Basketball,"Annual Sports Meet 2025","Did Not Participate",N/A
V1A-2025-0432,"Asha Dubey",CBSE-6,A,Football,"Annual Sports Meet 2025",Participated,Advanced
V1A-2025-0433,"Amit Ojha",CBSE-6,A,Cricket,"Annual Sports Meet 2025",Participated,Beginner
V1A-2025-0434,"Saanvi Sharma",CBSE-6,A,Athletics,"Annual Sports Meet 2025",Participated,Intermediate
V1A-2025-0435,"Krishna Verma",CBSE-6,A,"Table Tennis","Annual Sports Meet 2025",Participated,Advanced
V1A-2025-0436,"Anita Verma",CBSE-6,A,Basketball,"Annual Sports Meet 2025","Did Not Participate",N/A
V1A-2025-0437,"Rahul Patel",CBSE-6,A,Football,"Annual Sports Meet 2025",Participated,Intermediate
V1A-2025-0438,"Pari Reddy",CBSE-6,A,Cricket,"Annual Sports Meet 2025",Participated,Advanced
V1A-2025-0439,"Reyansh Nair",CBSE-6,A,Athletics,"Annual Sports Meet 2025",Participated,Beginner
V1A-2025-0440,"Seema Nair",CBSE-6,A,"Table Tennis","Annual Sports Meet 2025",Participated,Intermediate
V1A-2025-0441,"Neha Iyer",CBSE-6,A,Basketball,"Annual Sports Meet 2025","Did Not Participate",N/A
V1A-2025-0442,"Gauri Gupta",CBSE-6,A,Football,"Annual Sports Meet 2025",Participated,Beginner
V1A-2025-0443,"Arjun Singh",CBSE-6,A,Cricket,"Annual Sports Meet 2025",Participated,Intermediate
V1A-2025-0444,"Ritu Singh",CBSE-6,A,Athletics,"Annual Sports Meet 2025",Participated,Advanced
V1A-2025-0445,"Meera Deshmukh",CBSE-6,A,"Table Tennis","Annual Sports Meet 2025",Participated,Beginner
V1A-2025-0446,"Ananya Kulkarni",CBSE-6,A,Basketball,"Annual Sports Meet 2025","Did Not Participate",N/A
V1A-2025-0447,"Aditya Joshi",CBSE-6,A,Football,"Annual Sports Meet 2025",Participated,Advanced
V1A-2025-0448,"Ramesh Joshi",CBSE-6,A,Cricket,"Annual Sports Meet 2025",Participated,Beginner
V1A-2025-0449,"Riya Bhat",CBSE-6,A,Athletics,"Annual Sports Meet 2025",Participated,Intermediate
V1A-2025-0450,"Pranav Rao",CBSE-6,A,"Table Tennis","Annual Sports Meet 2025",Participated,Advanced
V1A-2025-0451,"Aarav Choudhury",CBSE-6,B,Basketball,"Annual Sports Meet 2025","Did Not Participate",N/A
V1A-2025-0452,"Vikram Choudhury",CBSE-6,B,Football,"Annual Sports Meet 2025",Participated,Intermediate
V1A-2025-0453,"Ira Mehta",CBSE-6,B,Cricket,"Annual Sports Meet 2025",Participated,Advanced
V1A-2025-0454,"Atharv Shah",CBSE-6,B,Athletics,"Annual Sports Meet 2025",Participated,Beginner
V1A-2025-0455,"Usha Shah",CBSE-6,B,"Table Tennis","Annual Sports Meet 2025",Participated,Intermediate
V1A-2025-0456,"Sunil Mukherjee",CBSE-6,B,Basketball,"Annual Sports Meet 2025","Did Not Participate",N/A
V1A-2025-0457,"Myra Banerjee",CBSE-6,B,Football,"Annual Sports Meet 2025",Participated,Beginner
V1A-2025-0458,"Ishaan Ghosh",CBSE-6,B,Cricket,"Annual Sports Meet 2025",Participated,Intermediate
V1A-2025-0459,"Sunita Ghosh",CBSE-6,B,Athletics,"Annual Sports Meet 2025",Participated,Advanced
V1A-2025-0460,"Rohan Chatterjee",CBSE-6,B,"Table Tennis","Annual Sports Meet 2025",Participated,Beginner
V1A-2025-0461,"Anvi Nath",CBSE-6,B,Basketball,"Annual Sports Meet 2025","Did Not Participate",N/A
V1A-2025-0462,"Ayaan Sen",CBSE-6,B,Football,"Annual Sports Meet 2025",Participated,Advanced
V1A-2025-0463,"Sita Sen",CBSE-6,B,Cricket,"Annual Sports Meet 2025",Participated,Beginner
V1A-2025-0464,"Pooja Das",CBSE-6,B,Athletics,"Annual Sports Meet 2025",Participated,Intermediate
V1A-2025-0465,"Aadhya Bose",CBSE-6,B,"Table Tennis","Annual Sports Meet 2025",Participated,Advanced
V1A-2025-0466,"Sai Mitra",CBSE-6,B,Basketball,"Annual Sports Meet 2025","Did Not Participate",N/A
V1A-2025-0467,"Geeta Mitra",CBSE-6,B,Football,"Annual Sports Meet 2025",Participated,Intermediate
V1A-2025-0468,"Roshni Dutta",CBSE-6,B,Cricket,"Annual Sports Meet 2025",Participated,Advanced
V1A-2025-0469,"Diya Chopra",CBSE-6,B,Athletics,"Annual Sports Meet 2025",Participated,Beginner
V1A-2025-0470,"Vihaan Malhotra",CBSE-6,B,"Table Tennis","Annual Sports Meet 2025",Participated,Intermediate
V1A-2025-0471,"Ravi Malhotra",CBSE-6,B,Basketball,"Annual Sports Meet 2025","Did Not Participate",N/A
V1A-2025-0472,"Kavya Kapoor",CBSE-6,B,Football,"Annual Sports Meet 2025",Participated,Beginner
V1A-2025-0473,"Advaith Khanna",CBSE-6,B,Cricket,"Annual Sports Meet 2025",Participated,Intermediate
V1A-2025-0474,"Vivaan Bhatia",CBSE-6,B,Athletics,"Annual Sports Meet 2025",Participated,Advanced
V1A-2025-0475,"Suresh Bhatia",CBSE-6,B,"Table Tennis","Annual Sports Meet 2025",Participated,Beginner
V1A-2025-0476,"Avani Ahuja",CBSE-6,B,Basketball,"Annual Sports Meet 2025","Did Not Participate",N/A
V1A-2025-0477,"Advik Chauhan",CBSE-6,B,Football,"Annual Sports Meet 2025",Participated,Advanced
V1A-2025-0478,"Lata Chauhan",CBSE-6,B,Cricket,"Annual Sports Meet 2025",Participated,Beginner
V1A-2025-0479,"Karan Rajput",CBSE-6,B,Athletics,"Annual Sports Meet 2025",Participated,Intermediate
V1A-2025-0480,"Sara Yadav",CBSE-6,B,"Table Tennis","Annual Sports Meet 2025",Participated,Advanced
V1A-2025-0481,"Shaurya Mishra",CBSE-7,A,Basketball,"Annual Sports Meet 2025","Did Not Participate",N/A
V1A-2025-0482,"Asha Mishra",CBSE-7,A,Football,"Annual Sports Meet 2025",Participated,Intermediate
V1A-2025-0483,"Amit Tiwari",CBSE-7,A,Cricket,"Annual Sports Meet 2025",Participated,Advanced
V1A-2025-0484,"Saanvi Pandey",CBSE-7,A,Athletics,"Annual Sports Meet 2025",Participated,Beginner
V1A-2025-0485,"Krishna Dubey",CBSE-7,A,"Table Tennis","Annual Sports Meet 2025",Participated,Intermediate
V1A-2025-0486,"Anita Dubey",CBSE-7,A,Basketball,"Annual Sports Meet 2025","Did Not Participate",N/A
V1A-2025-0487,"Rahul Ojha",CBSE-7,A,Football,"Annual Sports Meet 2025",Participated,Beginner
V1A-2025-0488,"Pari Sharma",CBSE-7,A,Cricket,"Annual Sports Meet 2025",Participated,Intermediate
V1A-2025-0489,"Reyansh Verma",CBSE-7,A,Athletics,"Annual Sports Meet 2025",Participated,Advanced
V1A-2025-0490,"Seema Verma",CBSE-7,A,"Table Tennis","Annual Sports Meet 2025",Participated,Beginner
V1A-2025-0491,"Neha Patel",CBSE-7,A,Basketball,"Annual Sports Meet 2025","Did Not Participate",N/A
V1A-2025-0492,"Gauri Reddy",CBSE-7,A,Football,"Annual Sports Meet 2025",Participated,Advanced
V1A-2025-0493,"Arjun Nair",CBSE-7,A,Cricket,"Annual Sports Meet 2025",Participated,Beginner
V1A-2025-0494,"Ritu Nair",CBSE-7,A,Athletics,"Annual Sports Meet 2025",Participated,Intermediate
V1A-2025-0495,"Meera Iyer",CBSE-7,A,"Table Tennis","Annual Sports Meet 2025",Participated,Advanced
V1A-2025-0496,"Ananya Gupta",CBSE-7,A,Basketball,"Annual Sports Meet 2025","Did Not Participate",N/A
V1A-2025-0497,"Aditya Singh",CBSE-7,A,Football,"Annual Sports Meet 2025",Participated,Intermediate
V1A-2025-0498,"Ramesh Singh",CBSE-7,A,Cricket,"Annual Sports Meet 2025",Participated,Advanced
V1A-2025-0499,"Riya Deshmukh",CBSE-7,A,Athletics,"Annual Sports Meet 2025",Participated,Beginner
V1A-2025-0500,"Pranav Kulkarni",CBSE-7,A,"Table Tennis","Annual Sports Meet 2025",Participated,Intermediate
V1A-2025-0501,"Aarav Joshi",CBSE-7,A,Basketball,"Annual Sports Meet 2025","Did Not Participate",N/A
V1A-2025-0502,"Vikram Joshi",CBSE-7,A,Football,"Annual Sports Meet 2025",Participated,Beginner
V1A-2025-0503,"Ira Bhat",CBSE-7,A,Cricket,"Annual Sports Meet 2025",Participated,Intermediate
V1A-2025-0504,"Atharv Rao",CBSE-7,A,Athletics,"Annual Sports Meet 2025",Participated,Advanced
V1A-2025-0505,"Usha Rao",CBSE-7,A,"Table Tennis","Annual Sports Meet 2025",Participated,Beginner
V1A-2025-0506,"Sunil Choudhury",CBSE-7,A,Basketball,"Annual Sports Meet 2025","Did Not Participate",N/A
V1A-2025-0507,"Myra Mehta",CBSE-7,A,Football,"Annual Sports Meet 2025",Participated,Advanced
V1A-2025-0508,"Ishaan Shah",CBSE-7,A,Cricket,"Annual Sports Meet 2025",Participated,Beginner
V1A-2025-0509,"Sunita Shah",CBSE-7,A,Athletics,"Annual Sports Meet 2025",Participated,Intermediate
V1A-2025-0510,"Rohan Mukherjee",CBSE-7,A,"Table Tennis","Annual Sports Meet 2025",Participated,Advanced
V1A-2025-0511,"Anvi Banerjee",CBSE-7,B,Basketball,"Annual Sports Meet 2025","Did Not Participate",N/A
V1A-2025-0512,"Ayaan Ghosh",CBSE-7,B,Football,"Annual Sports Meet 2025",Participated,Intermediate
V1A-2025-0513,"Sita Ghosh",CBSE-7,B,Cricket,"Annual Sports Meet 2025",Participated,Advanced
V1A-2025-0514,"Pooja Chatterjee",CBSE-7,B,Athletics,"Annual Sports Meet 2025",Participated,Beginner
V1A-2025-0515,"Aadhya Nath",CBSE-7,B,"Table Tennis","Annual Sports Meet 2025",Participated,Intermediate
V1A-2025-0516,"Sai Sen",CBSE-7,B,Basketball,"Annual Sports Meet 2025","Did Not Participate",N/A
V1A-2025-0517,"Geeta Sen",CBSE-7,B,Football,"Annual Sports Meet 2025",Participated,Beginner
V1A-2025-0518,"Roshni Das",CBSE-7,B,Cricket,"Annual Sports Meet 2025",Participated,Intermediate
V1A-2025-0519,"Diya Bose",CBSE-7,B,Athletics,"Annual Sports Meet 2025",Participated,Advanced
V1A-2025-0520,"Vihaan Mitra",CBSE-7,B,"Table Tennis","Annual Sports Meet 2025",Participated,Beginner
V1A-2025-0521,"Ravi Mitra",CBSE-7,B,Basketball,"Annual Sports Meet 2025","Did Not Participate",N/A
V1A-2025-0522,"Kavya Dutta",CBSE-7,B,Football,"Annual Sports Meet 2025",Participated,Advanced
V1A-2025-0523,"Advaith Chopra",CBSE-7,B,Cricket,"Annual Sports Meet 2025",Participated,Beginner
V1A-2025-0524,"Vivaan Malhotra",CBSE-7,B,Athletics,"Annual Sports Meet 2025",Participated,Intermediate
V1A-2025-0525,"Suresh Malhotra",CBSE-7,B,"Table Tennis","Annual Sports Meet 2025",Participated,Advanced
V1A-2025-0526,"Avani Kapoor",CBSE-7,B,Basketball,"Annual Sports Meet 2025","Did Not Participate",N/A
V1A-2025-0527,"Advik Khanna",CBSE-7,B,Football,"Annual Sports Meet 2025",Participated,Intermediate
V1A-2025-0528,"Lata Khanna",CBSE-7,B,Cricket,"Annual Sports Meet 2025",Participated,Advanced
V1A-2025-0529,"Karan Bhatia",CBSE-7,B,Athletics,"Annual Sports Meet 2025",Participated,Beginner
V1A-2025-0530,"Sara Ahuja",CBSE-7,B,"Table Tennis","Annual Sports Meet 2025",Participated,Intermediate
V1A-2025-0531,"Shaurya Chauhan",CBSE-7,B,Basketball,"Annual Sports Meet 2025","Did Not Participate",N/A
V1A-2025-0532,"Asha Chauhan",CBSE-7,B,Football,"Annual Sports Meet 2025",Participated,Beginner
V1A-2025-0533,"Amit Rajput",CBSE-7,B,Cricket,"Annual Sports Meet 2025",Participated,Intermediate
V1A-2025-0534,"Saanvi Yadav",CBSE-7,B,Athletics,"Annual Sports Meet 2025",Participated,Advanced
V1A-2025-0535,"Krishna Mishra",CBSE-7,B,"Table Tennis","Annual Sports Meet 2025",Participated,Beginner
V1A-2025-0536,"Anita Mishra",CBSE-7,B,Basketball,"Annual Sports Meet 2025","Did Not Participate",N/A
V1A-2025-0537,"Rahul Tiwari",CBSE-7,B,Football,"Annual Sports Meet 2025",Participated,Advanced
V1A-2025-0538,"Pari Pandey",CBSE-7,B,Cricket,"Annual Sports Meet 2025",Participated,Beginner
V1A-2025-0539,"Reyansh Dubey",CBSE-7,B,Athletics,"Annual Sports Meet 2025",Participated,Intermediate
V1A-2025-0540,"Seema Dubey",CBSE-7,B,"Table Tennis","Annual Sports Meet 2025",Participated,Advanced
V1A-2025-0541,"Neha Ojha",CBSE-8,A,Basketball,"Annual Sports Meet 2025","Did Not Participate",N/A
V1A-2025-0542,"Gauri Sharma",CBSE-8,A,Football,"Annual Sports Meet 2025",Participated,Intermediate
V1A-2025-0543,"Arjun Verma",CBSE-8,A,Cricket,"Annual Sports Meet 2025",Participated,Advanced
V1A-2025-0544,"Ritu Verma",CBSE-8,A,Athletics,"Annual Sports Meet 2025",Participated,Beginner
V1A-2025-0545,"Meera Patel",CBSE-8,A,"Table Tennis","Annual Sports Meet 2025",Participated,Intermediate
V1A-2025-0546,"Ananya Reddy",CBSE-8,A,Basketball,"Annual Sports Meet 2025","Did Not Participate",N/A
V1A-2025-0547,"Aditya Nair",CBSE-8,A,Football,"Annual Sports Meet 2025",Participated,Beginner
V1A-2025-0548,"Ramesh Nair",CBSE-8,A,Cricket,"Annual Sports Meet 2025",Participated,Intermediate
V1A-2025-0549,"Riya Iyer",CBSE-8,A,Athletics,"Annual Sports Meet 2025",Participated,Advanced
V1A-2025-0550,"Pranav Gupta",CBSE-8,A,"Table Tennis","Annual Sports Meet 2025",Participated,Beginner
V1A-2025-0551,"Aarav Singh",CBSE-8,A,Basketball,"Annual Sports Meet 2025","Did Not Participate",N/A
V1A-2025-0552,"Vikram Singh",CBSE-8,A,Football,"Annual Sports Meet 2025",Participated,Advanced
V1A-2025-0553,"Ira Deshmukh",CBSE-8,A,Cricket,"Annual Sports Meet 2025",Participated,Beginner
V1A-2025-0554,"Atharv Kulkarni",CBSE-8,A,Athletics,"Annual Sports Meet 2025",Participated,Intermediate
V1A-2025-0555,"Usha Kulkarni",CBSE-8,A,"Table Tennis","Annual Sports Meet 2025",Participated,Advanced
V1A-2025-0556,"Sunil Joshi",CBSE-8,A,Basketball,"Annual Sports Meet 2025","Did Not Participate",N/A
V1A-2025-0557,"Myra Bhat",CBSE-8,A,Football,"Annual Sports Meet 2025",Participated,Intermediate
V1A-2025-0558,"Ishaan Rao",CBSE-8,A,Cricket,"Annual Sports Meet 2025",Participated,Advanced
V1A-2025-0559,"Sunita Rao",CBSE-8,A,Athletics,"Annual Sports Meet 2025",Participated,Beginner
V1A-2025-0560,"Rohan Choudhury",CBSE-8,A,"Table Tennis","Annual Sports Meet 2025",Participated,Intermediate
V1A-2025-0561,"Anvi Mehta",CBSE-8,A,Basketball,"Annual Sports Meet 2025","Did Not Participate",N/A
V1A-2025-0562,"Ayaan Shah",CBSE-8,A,Football,"Annual Sports Meet 2025",Participated,Beginner
V1A-2025-0563,"Sita Shah",CBSE-8,A,Cricket,"Annual Sports Meet 2025",Participated,Intermediate
V1A-2025-0564,"Pooja Mukherjee",CBSE-8,A,Athletics,"Annual Sports Meet 2025",Participated,Advanced
V1A-2025-0565,"Aadhya Banerjee",CBSE-8,A,"Table Tennis","Annual Sports Meet 2025",Participated,Beginner
V1A-2025-0566,"Sai Ghosh",CBSE-8,A,Basketball,"Annual Sports Meet 2025","Did Not Participate",N/A
V1A-2025-0567,"Geeta Ghosh",CBSE-8,A,Football,"Annual Sports Meet 2025",Participated,Advanced
V1A-2025-0568,"Roshni Chatterjee",CBSE-8,A,Cricket,"Annual Sports Meet 2025",Participated,Beginner
V1A-2025-0569,"Diya Nath",CBSE-8,A,Athletics,"Annual Sports Meet 2025",Participated,Intermediate
V1A-2025-0570,"Vihaan Sen",CBSE-8,A,"Table Tennis","Annual Sports Meet 2025",Participated,Advanced
V1A-2025-0571,"Ravi Sen",CBSE-8,B,Basketball,"Annual Sports Meet 2025","Did Not Participate",N/A
V1A-2025-0572,"Kavya Das",CBSE-8,B,Football,"Annual Sports Meet 2025",Participated,Intermediate
V1A-2025-0573,"Advaith Bose",CBSE-8,B,Cricket,"Annual Sports Meet 2025",Participated,Advanced
V1A-2025-0574,"Vivaan Mitra",CBSE-8,B,Athletics,"Annual Sports Meet 2025",Participated,Beginner
V1A-2025-0575,"Suresh Mitra",CBSE-8,B,"Table Tennis","Annual Sports Meet 2025",Participated,Intermediate
V1A-2025-0576,"Avani Dutta",CBSE-8,B,Basketball,"Annual Sports Meet 2025","Did Not Participate",N/A
V1A-2025-0577,"Advik Chopra",CBSE-8,B,Football,"Annual Sports Meet 2025",Participated,Beginner
V1A-2025-0578,"Lata Chopra",CBSE-8,B,Cricket,"Annual Sports Meet 2025",Participated,Intermediate
V1A-2025-0579,"Karan Malhotra",CBSE-8,B,Athletics,"Annual Sports Meet 2025",Participated,Advanced
V1A-2025-0580,"Sara Kapoor",CBSE-8,B,"Table Tennis","Annual Sports Meet 2025",Participated,Beginner
V1A-2025-0581,"Shaurya Khanna",CBSE-8,B,Basketball,"Annual Sports Meet 2025","Did Not Participate",N/A
V1A-2025-0582,"Asha Khanna",CBSE-8,B,Football,"Annual Sports Meet 2025",Participated,Advanced
V1A-2025-0583,"Amit Bhatia",CBSE-8,B,Cricket,"Annual Sports Meet 2025",Participated,Beginner
V1A-2025-0584,"Saanvi Ahuja",CBSE-8,B,Athletics,"Annual Sports Meet 2025",Participated,Intermediate
V1A-2025-0585,"Krishna Chauhan",CBSE-8,B,"Table Tennis","Annual Sports Meet 2025",Participated,Advanced
V1A-2025-0586,"Anita Chauhan",CBSE-8,B,Basketball,"Annual Sports Meet 2025","Did Not Participate",N/A
V1A-2025-0587,"Rahul Rajput",CBSE-8,B,Football,"Annual Sports Meet 2025",Participated,Intermediate
V1A-2025-0588,"Pari Yadav",CBSE-8,B,Cricket,"Annual Sports Meet 2025",Participated,Advanced
V1A-2025-0589,"Reyansh Mishra",CBSE-8,B,Athletics,"Annual Sports Meet 2025",Participated,Beginner
V1A-2025-0590,"Seema Mishra",CBSE-8,B,"Table Tennis","Annual Sports Meet 2025",Participated,Intermediate
V1A-2025-0591,"Neha Tiwari",CBSE-8,B,Basketball,"Annual Sports Meet 2025","Did Not Participate",N/A
V1A-2025-0592,"Gauri Pandey",CBSE-8,B,Football,"Annual Sports Meet 2025",Participated,Beginner
V1A-2025-0593,"Arjun Dubey",CBSE-8,B,Cricket,"Annual Sports Meet 2025",Participated,Intermediate
V1A-2025-0594,"Ritu Dubey",CBSE-8,B,Athletics,"Annual Sports Meet 2025",Participated,Advanced
V1A-2025-0595,"Meera Ojha",CBSE-8,B,"Table Tennis","Annual Sports Meet 2025",Participated,Beginner
V1A-2025-0596,"Ananya Sharma",CBSE-8,B,Basketball,"Annual Sports Meet 2025","Did Not Participate",N/A
V1A-2025-0597,"Aditya Verma",CBSE-8,B,Football,"Annual Sports Meet 2025",Participated,Advanced
V1A-2025-0598,"Ramesh Verma",CBSE-8,B,Cricket,"Annual Sports Meet 2025",Participated,Beginner
V1A-2025-0599,"Riya Patel",CBSE-8,B,Athletics,"Annual Sports Meet 2025",Participated,Intermediate
V1A-2025-0600,"Pranav Reddy",CBSE-8,B,"Table Tennis","Annual Sports Meet 2025",Participated,Advanced
V1A-2025-0601,"Aarav Nair",CBSE-9,A,Basketball,"Annual Sports Meet 2025","Did Not Participate",N/A
V1A-2025-0602,"Vikram Nair",CBSE-9,A,Football,"Annual Sports Meet 2025",Participated,Intermediate
V1A-2025-0603,"Ira Iyer",CBSE-9,A,Cricket,"Annual Sports Meet 2025",Participated,Advanced
V1A-2025-0604,"Atharv Gupta",CBSE-9,A,Athletics,"Annual Sports Meet 2025",Participated,Beginner
V1A-2025-0605,"Usha Gupta",CBSE-9,A,"Table Tennis","Annual Sports Meet 2025",Participated,Intermediate
V1A-2025-0606,"Sunil Singh",CBSE-9,A,Basketball,"Annual Sports Meet 2025","Did Not Participate",N/A
V1A-2025-0607,"Myra Deshmukh",CBSE-9,A,Football,"Annual Sports Meet 2025",Participated,Beginner
V1A-2025-0608,"Ishaan Kulkarni",CBSE-9,A,Cricket,"Annual Sports Meet 2025",Participated,Intermediate
V1A-2025-0609,"Sunita Kulkarni",CBSE-9,A,Athletics,"Annual Sports Meet 2025",Participated,Advanced
V1A-2025-0610,"Rohan Joshi",CBSE-9,A,"Table Tennis","Annual Sports Meet 2025",Participated,Beginner
V1A-2025-0611,"Anvi Bhat",CBSE-9,A,Basketball,"Annual Sports Meet 2025","Did Not Participate",N/A
V1A-2025-0612,"Ayaan Rao",CBSE-9,A,Football,"Annual Sports Meet 2025",Participated,Advanced
V1A-2025-0613,"Sita Rao",CBSE-9,A,Cricket,"Annual Sports Meet 2025",Participated,Beginner
V1A-2025-0614,"Pooja Choudhury",CBSE-9,A,Athletics,"Annual Sports Meet 2025",Participated,Intermediate
V1A-2025-0615,"Aadhya Mehta",CBSE-9,A,"Table Tennis","Annual Sports Meet 2025",Participated,Advanced
V1A-2025-0616,"Sai Shah",CBSE-9,A,Basketball,"Annual Sports Meet 2025","Did Not Participate",N/A
V1A-2025-0617,"Geeta Shah",CBSE-9,A,Football,"Annual Sports Meet 2025",Participated,Intermediate
V1A-2025-0618,"Roshni Mukherjee",CBSE-9,A,Cricket,"Annual Sports Meet 2025",Participated,Advanced
V1A-2025-0619,"Diya Banerjee",CBSE-9,A,Athletics,"Annual Sports Meet 2025",Participated,Beginner
V1A-2025-0620,"Vihaan Ghosh",CBSE-9,A,"Table Tennis","Annual Sports Meet 2025",Participated,Intermediate
V1A-2025-0621,"Ravi Ghosh",CBSE-9,A,Basketball,"Annual Sports Meet 2025","Did Not Participate",N/A
V1A-2025-0622,"Kavya Chatterjee",CBSE-9,A,Football,"Annual Sports Meet 2025",Participated,Beginner
V1A-2025-0623,"Advaith Nath",CBSE-9,A,Cricket,"Annual Sports Meet 2025",Participated,Intermediate
V1A-2025-0624,"Vivaan Sen",CBSE-9,A,Athletics,"Annual Sports Meet 2025",Participated,Advanced
V1A-2025-0625,"Suresh Sen",CBSE-9,A,"Table Tennis","Annual Sports Meet 2025",Participated,Beginner
V1A-2025-0626,"Avani Das",CBSE-9,A,Basketball,"Annual Sports Meet 2025","Did Not Participate",N/A
V1A-2025-0627,"Advik Bose",CBSE-9,A,Football,"Annual Sports Meet 2025",Participated,Advanced
V1A-2025-0628,"Lata Bose",CBSE-9,A,Cricket,"Annual Sports Meet 2025",Participated,Beginner
V1A-2025-0629,"Karan Mitra",CBSE-9,A,Athletics,"Annual Sports Meet 2025",Participated,Intermediate
V1A-2025-0630,"Sara Dutta",CBSE-9,A,"Table Tennis","Annual Sports Meet 2025",Participated,Advanced
V1A-2025-0631,"Shaurya Chopra",CBSE-9,B,Basketball,"Annual Sports Meet 2025","Did Not Participate",N/A
V1A-2025-0632,"Asha Chopra",CBSE-9,B,Football,"Annual Sports Meet 2025",Participated,Intermediate
V1A-2025-0633,"Amit Malhotra",CBSE-9,B,Cricket,"Annual Sports Meet 2025",Participated,Advanced
V1A-2025-0634,"Saanvi Kapoor",CBSE-9,B,Athletics,"Annual Sports Meet 2025",Participated,Beginner
V1A-2025-0635,"Krishna Khanna",CBSE-9,B,"Table Tennis","Annual Sports Meet 2025",Participated,Intermediate
V1A-2025-0636,"Anita Khanna",CBSE-9,B,Basketball,"Annual Sports Meet 2025","Did Not Participate",N/A
V1A-2025-0637,"Rahul Bhatia",CBSE-9,B,Football,"Annual Sports Meet 2025",Participated,Beginner
V1A-2025-0638,"Pari Ahuja",CBSE-9,B,Cricket,"Annual Sports Meet 2025",Participated,Intermediate
V1A-2025-0639,"Reyansh Chauhan",CBSE-9,B,Athletics,"Annual Sports Meet 2025",Participated,Advanced
V1A-2025-0640,"Seema Chauhan",CBSE-9,B,"Table Tennis","Annual Sports Meet 2025",Participated,Beginner
V1A-2025-0641,"Neha Rajput",CBSE-9,B,Basketball,"Annual Sports Meet 2025","Did Not Participate",N/A
V1A-2025-0642,"Gauri Yadav",CBSE-9,B,Football,"Annual Sports Meet 2025",Participated,Advanced
V1A-2025-0643,"Arjun Mishra",CBSE-9,B,Cricket,"Annual Sports Meet 2025",Participated,Beginner
V1A-2025-0644,"Ritu Mishra",CBSE-9,B,Athletics,"Annual Sports Meet 2025",Participated,Intermediate
V1A-2025-0645,"Meera Tiwari",CBSE-9,B,"Table Tennis","Annual Sports Meet 2025",Participated,Advanced
V1A-2025-0646,"Ananya Pandey",CBSE-9,B,Basketball,"Annual Sports Meet 2025","Did Not Participate",N/A
V1A-2025-0647,"Aditya Dubey",CBSE-9,B,Football,"Annual Sports Meet 2025",Participated,Intermediate
V1A-2025-0648,"Ramesh Dubey",CBSE-9,B,Cricket,"Annual Sports Meet 2025",Participated,Advanced
V1A-2025-0649,"Riya Ojha",CBSE-9,B,Athletics,"Annual Sports Meet 2025",Participated,Beginner
V1A-2025-0650,"Pranav Sharma",CBSE-9,B,"Table Tennis","Annual Sports Meet 2025",Participated,Intermediate
V1A-2025-0651,"Aarav Verma",CBSE-9,B,Basketball,"Annual Sports Meet 2025","Did Not Participate",N/A
V1A-2025-0652,"Vikram Verma",CBSE-9,B,Football,"Annual Sports Meet 2025",Participated,Beginner
V1A-2025-0653,"Ira Patel",CBSE-9,B,Cricket,"Annual Sports Meet 2025",Participated,Intermediate
V1A-2025-0654,"Atharv Reddy",CBSE-9,B,Athletics,"Annual Sports Meet 2025",Participated,Advanced
V1A-2025-0655,"Usha Reddy",CBSE-9,B,"Table Tennis","Annual Sports Meet 2025",Participated,Beginner
V1A-2025-0656,"Sunil Nair",CBSE-9,B,Basketball,"Annual Sports Meet 2025","Did Not Participate",N/A
V1A-2025-0657,"Myra Iyer",CBSE-9,B,Football,"Annual Sports Meet 2025",Participated,Advanced
V1A-2025-0658,"Ishaan Gupta",CBSE-9,B,Cricket,"Annual Sports Meet 2025",Participated,Beginner
V1A-2025-0659,"Sunita Gupta",CBSE-9,B,Athletics,"Annual Sports Meet 2025",Participated,Intermediate
V1A-2025-0660,"Rohan Singh",CBSE-9,B,"Table Tennis","Annual Sports Meet 2025",Participated,Advanced
V1A-2025-0661,"Anvi Deshmukh",CBSE-10,A,Basketball,"Annual Sports Meet 2025","Did Not Participate",N/A
V1A-2025-0662,"Ayaan Kulkarni",CBSE-10,A,Football,"Annual Sports Meet 2025",Participated,Intermediate
V1A-2025-0663,"Sita Kulkarni",CBSE-10,A,Cricket,"Annual Sports Meet 2025",Participated,Advanced
V1A-2025-0664,"Pooja Joshi",CBSE-10,A,Athletics,"Annual Sports Meet 2025",Participated,Beginner
V1A-2025-0665,"Aadhya Bhat",CBSE-10,A,"Table Tennis","Annual Sports Meet 2025",Participated,Intermediate
V1A-2025-0666,"Sai Rao",CBSE-10,A,Basketball,"Annual Sports Meet 2025","Did Not Participate",N/A
V1A-2025-0667,"Geeta Rao",CBSE-10,A,Football,"Annual Sports Meet 2025",Participated,Beginner
V1A-2025-0668,"Roshni Choudhury",CBSE-10,A,Cricket,"Annual Sports Meet 2025",Participated,Intermediate
V1A-2025-0669,"Diya Mehta",CBSE-10,A,Athletics,"Annual Sports Meet 2025",Participated,Advanced
V1A-2025-0670,"Vihaan Shah",CBSE-10,A,"Table Tennis","Annual Sports Meet 2025",Participated,Beginner
V1A-2025-0671,"Ravi Shah",CBSE-10,A,Basketball,"Annual Sports Meet 2025","Did Not Participate",N/A
V1A-2025-0672,"Kavya Mukherjee",CBSE-10,A,Football,"Annual Sports Meet 2025",Participated,Advanced
V1A-2025-0673,"Advaith Banerjee",CBSE-10,A,Cricket,"Annual Sports Meet 2025",Participated,Beginner
V1A-2025-0674,"Vivaan Ghosh",CBSE-10,A,Athletics,"Annual Sports Meet 2025",Participated,Intermediate
V1A-2025-0675,"Suresh Ghosh",CBSE-10,A,"Table Tennis","Annual Sports Meet 2025",Participated,Advanced
V1A-2025-0676,"Avani Chatterjee",CBSE-10,A,Basketball,"Annual Sports Meet 2025","Did Not Participate",N/A
V1A-2025-0677,"Advik Nath",CBSE-10,A,Football,"Annual Sports Meet 2025",Participated,Intermediate
V1A-2025-0678,"Lata Nath",CBSE-10,A,Cricket,"Annual Sports Meet 2025",Participated,Advanced
V1A-2025-0679,"Karan Sen",CBSE-10,A,Athletics,"Annual Sports Meet 2025",Participated,Beginner
V1A-2025-0680,"Sara Das",CBSE-10,A,"Table Tennis","Annual Sports Meet 2025",Participated,Intermediate
V1A-2025-0681,"Shaurya Bose",CBSE-10,A,Basketball,"Annual Sports Meet 2025","Did Not Participate",N/A
V1A-2025-0682,"Asha Bose",CBSE-10,A,Football,"Annual Sports Meet 2025",Participated,Beginner
V1A-2025-0683,"Amit Mitra",CBSE-10,A,Cricket,"Annual Sports Meet 2025",Participated,Intermediate
V1A-2025-0684,"Saanvi Dutta",CBSE-10,A,Athletics,"Annual Sports Meet 2025",Participated,Advanced
V1A-2025-0685,"Krishna Chopra",CBSE-10,A,"Table Tennis","Annual Sports Meet 2025",Participated,Beginner
V1A-2025-0686,"Anita Chopra",CBSE-10,A,Basketball,"Annual Sports Meet 2025","Did Not Participate",N/A
V1A-2025-0687,"Rahul Malhotra",CBSE-10,A,Football,"Annual Sports Meet 2025",Participated,Advanced
V1A-2025-0688,"Pari Kapoor",CBSE-10,A,Cricket,"Annual Sports Meet 2025",Participated,Beginner
V1A-2025-0689,"Reyansh Khanna",CBSE-10,A,Athletics,"Annual Sports Meet 2025",Participated,Intermediate
V1A-2025-0690,"Seema Khanna",CBSE-10,A,"Table Tennis","Annual Sports Meet 2025",Participated,Advanced
V1A-2025-0691,"Neha Bhatia",CBSE-10,B,Basketball,"Annual Sports Meet 2025","Did Not Participate",N/A
V1A-2025-0692,"Gauri Ahuja",CBSE-10,B,Football,"Annual Sports Meet 2025",Participated,Intermediate
V1A-2025-0693,"Arjun Chauhan",CBSE-10,B,Cricket,"Annual Sports Meet 2025",Participated,Advanced
V1A-2025-0694,"Ritu Chauhan",CBSE-10,B,Athletics,"Annual Sports Meet 2025",Participated,Beginner
V1A-2025-0695,"Meera Rajput",CBSE-10,B,"Table Tennis","Annual Sports Meet 2025",Participated,Intermediate
V1A-2025-0696,"Ananya Yadav",CBSE-10,B,Basketball,"Annual Sports Meet 2025","Did Not Participate",N/A
V1A-2025-0697,"Aditya Mishra",CBSE-10,B,Football,"Annual Sports Meet 2025",Participated,Beginner
V1A-2025-0698,"Ramesh Mishra",CBSE-10,B,Cricket,"Annual Sports Meet 2025",Participated,Intermediate
V1A-2025-0699,"Riya Tiwari",CBSE-10,B,Athletics,"Annual Sports Meet 2025",Participated,Advanced
V1A-2025-0700,"Pranav Pandey",CBSE-10,B,"Table Tennis","Annual Sports Meet 2025",Participated,Beginner
V1A-2025-0701,"Aarav Dubey",CBSE-10,B,Basketball,"Annual Sports Meet 2025","Did Not Participate",N/A
V1A-2025-0702,"Vikram Dubey",CBSE-10,B,Football,"Annual Sports Meet 2025",Participated,Advanced
V1A-2025-0703,"Ira Ojha",CBSE-10,B,Cricket,"Annual Sports Meet 2025",Participated,Beginner
V1A-2025-0704,"Atharv Sharma",CBSE-10,B,Athletics,"Annual Sports Meet 2025",Participated,Intermediate
V1A-2025-0705,"Usha Sharma",CBSE-10,B,"Table Tennis","Annual Sports Meet 2025",Participated,Advanced
V1A-2025-0706,"Sunil Verma",CBSE-10,B,Basketball,"Annual Sports Meet 2025","Did Not Participate",N/A
V1A-2025-0707,"Myra Patel",CBSE-10,B,Football,"Annual Sports Meet 2025",Participated,Intermediate
V1A-2025-0708,"Ishaan Reddy",CBSE-10,B,Cricket,"Annual Sports Meet 2025",Participated,Advanced
V1A-2025-0709,"Sunita Reddy",CBSE-10,B,Athletics,"Annual Sports Meet 2025",Participated,Beginner
V1A-2025-0710,"Rohan Nair",CBSE-10,B,"Table Tennis","Annual Sports Meet 2025",Participated,Intermediate
V1A-2025-0711,"Anvi Iyer",CBSE-10,B,Basketball,"Annual Sports Meet 2025","Did Not Participate",N/A
V1A-2025-0712,"Ayaan Gupta",CBSE-10,B,Football,"Annual Sports Meet 2025",Participated,Beginner
V1A-2025-0713,"Sita Gupta",CBSE-10,B,Cricket,"Annual Sports Meet 2025",Participated,Intermediate
V1A-2025-0714,"Pooja Singh",CBSE-10,B,Athletics,"Annual Sports Meet 2025",Participated,Advanced
V1A-2025-0715,"Aadhya Deshmukh",CBSE-10,B,"Table Tennis","Annual Sports Meet 2025",Participated,Beginner
V1A-2025-0716,"Sai Kulkarni",CBSE-10,B,Basketball,"Annual Sports Meet 2025","Did Not Participate",N/A
V1A-2025-0717,"Geeta Kulkarni",CBSE-10,B,Football,"Annual Sports Meet 2025",Participated,Advanced
V1A-2025-0718,"Roshni Joshi",CBSE-10,B,Cricket,"Annual Sports Meet 2025",Participated,Beginner
V1A-2025-0719,"Diya Bhat",CBSE-10,B,Athletics,"Annual Sports Meet 2025",Participated,Intermediate
V1A-2025-0720,"Vihaan Rao",CBSE-10,B,"Table Tennis","Annual Sports Meet 2025",Participated,Advanced
V1A-2025-0721,"Ravi Rao",CBSE-11,A,Basketball,"Annual Sports Meet 2025","Did Not Participate",N/A
V1A-2025-0722,"Kavya Choudhury",CBSE-11,A,Football,"Annual Sports Meet 2025",Participated,Intermediate
V1A-2025-0723,"Advaith Mehta",CBSE-11,A,Cricket,"Annual Sports Meet 2025",Participated,Advanced
V1A-2025-0724,"Vivaan Shah",CBSE-11,A,Athletics,"Annual Sports Meet 2025",Participated,Beginner
V1A-2025-0725,"Suresh Shah",CBSE-11,A,"Table Tennis","Annual Sports Meet 2025",Participated,Intermediate
V1A-2025-0726,"Avani Mukherjee",CBSE-11,A,Basketball,"Annual Sports Meet 2025","Did Not Participate",N/A
V1A-2025-0727,"Advik Banerjee",CBSE-11,A,Football,"Annual Sports Meet 2025",Participated,Beginner
V1A-2025-0728,"Lata Banerjee",CBSE-11,A,Cricket,"Annual Sports Meet 2025",Participated,Intermediate
V1A-2025-0729,"Karan Ghosh",CBSE-11,A,Athletics,"Annual Sports Meet 2025",Participated,Advanced
V1A-2025-0730,"Sara Chatterjee",CBSE-11,A,"Table Tennis","Annual Sports Meet 2025",Participated,Beginner
V1A-2025-0731,"Shaurya Nath",CBSE-11,A,Basketball,"Annual Sports Meet 2025","Did Not Participate",N/A
V1A-2025-0732,"Asha Nath",CBSE-11,A,Football,"Annual Sports Meet 2025",Participated,Advanced
V1A-2025-0733,"Amit Sen",CBSE-11,A,Cricket,"Annual Sports Meet 2025",Participated,Beginner
V1A-2025-0734,"Saanvi Das",CBSE-11,A,Athletics,"Annual Sports Meet 2025",Participated,Intermediate
V1A-2025-0735,"Krishna Bose",CBSE-11,A,"Table Tennis","Annual Sports Meet 2025",Participated,Advanced
V1A-2025-0736,"Anita Bose",CBSE-11,A,Basketball,"Annual Sports Meet 2025","Did Not Participate",N/A
V1A-2025-0737,"Rahul Mitra",CBSE-11,A,Football,"Annual Sports Meet 2025",Participated,Intermediate
V1A-2025-0738,"Pari Dutta",CBSE-11,A,Cricket,"Annual Sports Meet 2025",Participated,Advanced
V1A-2025-0739,"Reyansh Chopra",CBSE-11,A,Athletics,"Annual Sports Meet 2025",Participated,Beginner
V1A-2025-0740,"Seema Chopra",CBSE-11,A,"Table Tennis","Annual Sports Meet 2025",Participated,Intermediate
V1A-2025-0741,"Neha Malhotra",CBSE-11,A,Basketball,"Annual Sports Meet 2025","Did Not Participate",N/A
V1A-2025-0742,"Gauri Kapoor",CBSE-11,A,Football,"Annual Sports Meet 2025",Participated,Beginner
V1A-2025-0743,"Arjun Khanna",CBSE-11,A,Cricket,"Annual Sports Meet 2025",Participated,Intermediate
V1A-2025-0744,"Ritu Khanna",CBSE-11,A,Athletics,"Annual Sports Meet 2025",Participated,Advanced
V1A-2025-0745,"Meera Bhatia",CBSE-11,A,"Table Tennis","Annual Sports Meet 2025",Participated,Beginner
V1A-2025-0746,"Ananya Ahuja",CBSE-11,A,Basketball,"Annual Sports Meet 2025","Did Not Participate",N/A
V1A-2025-0747,"Aditya Chauhan",CBSE-11,A,Football,"Annual Sports Meet 2025",Participated,Advanced
V1A-2025-0748,"Ramesh Chauhan",CBSE-11,A,Cricket,"Annual Sports Meet 2025",Participated,Beginner
V1A-2025-0749,"Riya Rajput",CBSE-11,A,Athletics,"Annual Sports Meet 2025",Participated,Intermediate
V1A-2025-0750,"Pranav Yadav",CBSE-11,A,"Table Tennis","Annual Sports Meet 2025",Participated,Advanced
V1A-2025-0751,"Aarav Mishra",CBSE-11,B,Basketball,"Annual Sports Meet 2025","Did Not Participate",N/A
V1A-2025-0752,"Vikram Mishra",CBSE-11,B,Football,"Annual Sports Meet 2025",Participated,Intermediate
V1A-2025-0753,"Ira Tiwari",CBSE-11,B,Cricket,"Annual Sports Meet 2025",Participated,Advanced
V1A-2025-0754,"Atharv Pandey",CBSE-11,B,Athletics,"Annual Sports Meet 2025",Participated,Beginner
V1A-2025-0755,"Usha Pandey",CBSE-11,B,"Table Tennis","Annual Sports Meet 2025",Participated,Intermediate
V1A-2025-0756,"Sunil Dubey",CBSE-11,B,Basketball,"Annual Sports Meet 2025","Did Not Participate",N/A
V1A-2025-0757,"Myra Ojha",CBSE-11,B,Football,"Annual Sports Meet 2025",Participated,Beginner
V1A-2025-0758,"Ishaan Sharma",CBSE-11,B,Cricket,"Annual Sports Meet 2025",Participated,Intermediate
V1A-2025-0759,"Sunita Sharma",CBSE-11,B,Athletics,"Annual Sports Meet 2025",Participated,Advanced
V1A-2025-0760,"Rohan Verma",CBSE-11,B,"Table Tennis","Annual Sports Meet 2025",Participated,Beginner
V1A-2025-0761,"Anvi Patel",CBSE-11,B,Basketball,"Annual Sports Meet 2025","Did Not Participate",N/A
V1A-2025-0762,"Ayaan Reddy",CBSE-11,B,Football,"Annual Sports Meet 2025",Participated,Advanced
V1A-2025-0763,"Sita Reddy",CBSE-11,B,Cricket,"Annual Sports Meet 2025",Participated,Beginner
V1A-2025-0764,"Pooja Nair",CBSE-11,B,Athletics,"Annual Sports Meet 2025",Participated,Intermediate
V1A-2025-0765,"Aadhya Iyer",CBSE-11,B,"Table Tennis","Annual Sports Meet 2025",Participated,Advanced
V1A-2025-0766,"Sai Gupta",CBSE-11,B,Basketball,"Annual Sports Meet 2025","Did Not Participate",N/A
V1A-2025-0767,"Geeta Gupta",CBSE-11,B,Football,"Annual Sports Meet 2025",Participated,Intermediate
V1A-2025-0768,"Roshni Singh",CBSE-11,B,Cricket,"Annual Sports Meet 2025",Participated,Advanced
V1A-2025-0769,"Diya Deshmukh",CBSE-11,B,Athletics,"Annual Sports Meet 2025",Participated,Beginner
V1A-2025-0770,"Vihaan Kulkarni",CBSE-11,B,"Table Tennis","Annual Sports Meet 2025",Participated,Intermediate
V1A-2025-0771,"Ravi Kulkarni",CBSE-11,B,Basketball,"Annual Sports Meet 2025","Did Not Participate",N/A
V1A-2025-0772,"Kavya Joshi",CBSE-11,B,Football,"Annual Sports Meet 2025",Participated,Beginner
V1A-2025-0773,"Advaith Bhat",CBSE-11,B,Cricket,"Annual Sports Meet 2025",Participated,Intermediate
V1A-2025-0774,"Vivaan Rao",CBSE-11,B,Athletics,"Annual Sports Meet 2025",Participated,Advanced
V1A-2025-0775,"Suresh Rao",CBSE-11,B,"Table Tennis","Annual Sports Meet 2025",Participated,Beginner
V1A-2025-0776,"Avani Choudhury",CBSE-11,B,Basketball,"Annual Sports Meet 2025","Did Not Participate",N/A
V1A-2025-0777,"Advik Mehta",CBSE-11,B,Football,"Annual Sports Meet 2025",Participated,Advanced
V1A-2025-0778,"Lata Mehta",CBSE-11,B,Cricket,"Annual Sports Meet 2025",Participated,Beginner
V1A-2025-0779,"Karan Shah",CBSE-11,B,Athletics,"Annual Sports Meet 2025",Participated,Intermediate
V1A-2025-0780,"Sara Mukherjee",CBSE-11,B,"Table Tennis","Annual Sports Meet 2025",Participated,Advanced
V1A-2025-0781,"Shaurya Banerjee",CBSE-12,A,Basketball,"Annual Sports Meet 2025","Did Not Participate",N/A
V1A-2025-0782,"Asha Banerjee",CBSE-12,A,Football,"Annual Sports Meet 2025",Participated,Intermediate
V1A-2025-0783,"Amit Ghosh",CBSE-12,A,Cricket,"Annual Sports Meet 2025",Participated,Advanced
V1A-2025-0784,"Saanvi Chatterjee",CBSE-12,A,Athletics,"Annual Sports Meet 2025",Participated,Beginner
V1A-2025-0785,"Krishna Nath",CBSE-12,A,"Table Tennis","Annual Sports Meet 2025",Participated,Intermediate
V1A-2025-0786,"Anita Nath",CBSE-12,A,Basketball,"Annual Sports Meet 2025","Did Not Participate",N/A
V1A-2025-0787,"Rahul Sen",CBSE-12,A,Football,"Annual Sports Meet 2025",Participated,Beginner
V1A-2025-0788,"Pari Das",CBSE-12,A,Cricket,"Annual Sports Meet 2025",Participated,Intermediate
V1A-2025-0789,"Reyansh Bose",CBSE-12,A,Athletics,"Annual Sports Meet 2025",Participated,Advanced
V1A-2025-0790,"Seema Bose",CBSE-12,A,"Table Tennis","Annual Sports Meet 2025",Participated,Beginner
V1A-2025-0791,"Neha Mitra",CBSE-12,A,Basketball,"Annual Sports Meet 2025","Did Not Participate",N/A
V1A-2025-0792,"Gauri Dutta",CBSE-12,A,Football,"Annual Sports Meet 2025",Participated,Advanced
V1A-2025-0793,"Arjun Chopra",CBSE-12,A,Cricket,"Annual Sports Meet 2025",Participated,Beginner
V1A-2025-0794,"Ritu Chopra",CBSE-12,A,Athletics,"Annual Sports Meet 2025",Participated,Intermediate
V1A-2025-0795,"Meera Malhotra",CBSE-12,A,"Table Tennis","Annual Sports Meet 2025",Participated,Advanced
V1A-2025-0796,"Ananya Kapoor",CBSE-12,A,Basketball,"Annual Sports Meet 2025","Did Not Participate",N/A
V1A-2025-0797,"Aditya Khanna",CBSE-12,A,Football,"Annual Sports Meet 2025",Participated,Intermediate
V1A-2025-0798,"Ramesh Khanna",CBSE-12,A,Cricket,"Annual Sports Meet 2025",Participated,Advanced
V1A-2025-0799,"Riya Bhatia",CBSE-12,A,Athletics,"Annual Sports Meet 2025",Participated,Beginner
V1A-2025-0800,"Pranav Ahuja",CBSE-12,A,"Table Tennis","Annual Sports Meet 2025",Participated,Intermediate
V1A-2025-0801,"Aarav Chauhan",CBSE-12,A,Basketball,"Annual Sports Meet 2025","Did Not Participate",N/A
V1A-2025-0802,"Vikram Chauhan",CBSE-12,A,Football,"Annual Sports Meet 2025",Participated,Beginner
V1A-2025-0803,"Ira Rajput",CBSE-12,A,Cricket,"Annual Sports Meet 2025",Participated,Intermediate
V1A-2025-0804,"Atharv Yadav",CBSE-12,A,Athletics,"Annual Sports Meet 2025",Participated,Advanced
V1A-2025-0805,"Usha Yadav",CBSE-12,A,"Table Tennis","Annual Sports Meet 2025",Participated,Beginner
V1A-2025-0806,"Sunil Mishra",CBSE-12,A,Basketball,"Annual Sports Meet 2025","Did Not Participate",N/A
V1A-2025-0807,"Myra Tiwari",CBSE-12,A,Football,"Annual Sports Meet 2025",Participated,Advanced
V1A-2025-0808,"Ishaan Pandey",CBSE-12,A,Cricket,"Annual Sports Meet 2025",Participated,Beginner
V1A-2025-0809,"Sunita Pandey",CBSE-12,A,Athletics,"Annual Sports Meet 2025",Participated,Intermediate
V1A-2025-0810,"Rohan Dubey",CBSE-12,A,"Table Tennis","Annual Sports Meet 2025",Participated,Advanced
V1A-2025-0811,"Anvi Ojha",CBSE-12,B,Basketball,"Annual Sports Meet 2025","Did Not Participate",N/A
V1A-2025-0812,"Ayaan Sharma",CBSE-12,B,Football,"Annual Sports Meet 2025",Participated,Intermediate
V1A-2025-0813,"Sita Sharma",CBSE-12,B,Cricket,"Annual Sports Meet 2025",Participated,Advanced
V1A-2025-0814,"Pooja Verma",CBSE-12,B,Athletics,"Annual Sports Meet 2025",Participated,Beginner
V1A-2025-0815,"Aadhya Patel",CBSE-12,B,"Table Tennis","Annual Sports Meet 2025",Participated,Intermediate
V1A-2025-0816,"Sai Reddy",CBSE-12,B,Basketball,"Annual Sports Meet 2025","Did Not Participate",N/A
V1A-2025-0817,"Geeta Reddy",CBSE-12,B,Football,"Annual Sports Meet 2025",Participated,Beginner
V1A-2025-0818,"Roshni Nair",CBSE-12,B,Cricket,"Annual Sports Meet 2025",Participated,Intermediate
V1A-2025-0819,"Diya Iyer",CBSE-12,B,Athletics,"Annual Sports Meet 2025",Participated,Advanced
V1A-2025-0820,"Vihaan Gupta",CBSE-12,B,"Table Tennis","Annual Sports Meet 2025",Participated,Beginner
V1A-2025-0821,"Ravi Gupta",CBSE-12,B,Basketball,"Annual Sports Meet 2025","Did Not Participate",N/A
V1A-2025-0822,"Kavya Singh",CBSE-12,B,Football,"Annual Sports Meet 2025",Participated,Advanced
V1A-2025-0823,"Advaith Deshmukh",CBSE-12,B,Cricket,"Annual Sports Meet 2025",Participated,Beginner
V1A-2025-0824,"Vivaan Kulkarni",CBSE-12,B,Athletics,"Annual Sports Meet 2025",Participated,Intermediate
V1A-2025-0825,"Suresh Kulkarni",CBSE-12,B,"Table Tennis","Annual Sports Meet 2025",Participated,Advanced
V1A-2025-0826,"Avani Joshi",CBSE-12,B,Basketball,"Annual Sports Meet 2025","Did Not Participate",N/A
V1A-2025-0827,"Advik Bhat",CBSE-12,B,Football,"Annual Sports Meet 2025",Participated,Intermediate
V1A-2025-0828,"Lata Bhat",CBSE-12,B,Cricket,"Annual Sports Meet 2025",Participated,Advanced
V1A-2025-0829,"Karan Rao",CBSE-12,B,Athletics,"Annual Sports Meet 2025",Participated,Beginner
V1A-2025-0830,"Sara Choudhury",CBSE-12,B,"Table Tennis","Annual Sports Meet 2025",Participated,Intermediate
V1A-2025-0831,"Shaurya Mehta",CBSE-12,B,Basketball,"Annual Sports Meet 2025","Did Not Participate",N/A
V1A-2025-0832,"Asha Mehta",CBSE-12,B,Football,"Annual Sports Meet 2025",Participated,Beginner
V1A-2025-0833,"Amit Shah",CBSE-12,B,Cricket,"Annual Sports Meet 2025",Participated,Intermediate
V1A-2025-0834,"Saanvi Mukherjee",CBSE-12,B,Athletics,"Annual Sports Meet 2025",Participated,Advanced
V1A-2025-0835,"Krishna Banerjee",CBSE-12,B,"Table Tennis","Annual Sports Meet 2025",Participated,Beginner
V1A-2025-0836,"Anita Banerjee",CBSE-12,B,Basketball,"Annual Sports Meet 2025","Did Not Participate",N/A
V1A-2025-0837,"Rahul Ghosh",CBSE-12,B,Football,"Annual Sports Meet 2025",Participated,Advanced
V1A-2025-0838,"Pari Chatterjee",CBSE-12,B,Cricket,"Annual Sports Meet 2025",Participated,Beginner
V1A-2025-0839,"Reyansh Nath",CBSE-12,B,Athletics,"Annual Sports Meet 2025",Participated,Intermediate
V1A-2025-0840,"Seema Nath",CBSE-12,B,"Table Tennis","Annual Sports Meet 2025",Participated,Advanced
