student_ref,student_name,standard,division,transport_mode,route_id
V1A-2025-0001,"Aarav Sharma",Nursery,A,school_bus,Route-2
V1A-2025-0002,"Vikram Sharma",Nursery,A,school_bus,Route-3
V1A-2025-0003,"Ira Verma",Nursery,A,school_bus,Route-4
V1A-2025-0006,"Sunil Reddy",Nursery,A,school_bus,Route-7
V1A-2025-0007,"Myra Nair",Nursery,A,school_bus,Route-8
V1A-2025-0008,"Ishaan Iyer",Nursery,A,school_bus,Route-9
V1A-2025-0011,"Anvi Singh",Nursery,A,school_bus,Route-2
V1A-2025-0012,"Ayaan Deshmukh",Nursery,A,school_bus,Route-3
V1A-2025-0013,"Sita Deshmukh",Nursery,A,school_bus,Route-4
V1A-2025-0016,"Sai Bhat",Nursery,A,school_bus,Route-7
V1A-2025-0017,"Geeta Bhat",Nursery,A,school_bus,Route-8
V1A-2025-0018,"Roshni Rao",Nursery,A,school_bus,Route-9
V1A-2025-0021,"Ravi Mehta",Nursery,A,school_bus,Route-2
V1A-2025-0022,"Kavya Shah",Nursery,A,school_bus,Route-3
V1A-2025-0023,"Advaith Mukherjee",Nursery,A,school_bus,Route-4
V1A-2025-0026,"Avani Ghosh",Nursery,A,school_bus,Route-7
V1A-2025-0027,"Advik Chatterjee",Nursery,A,school_bus,Route-8
V1A-2025-0028,"Lata Chatterjee",Nursery,A,school_bus,Route-9
V1A-2025-0031,"Shaurya Das",Nursery,B,school_bus,Route-2
V1A-2025-0032,"Asha Das",Nursery,B,school_bus,Route-3
V1A-2025-0033,"Amit Bose",Nursery,B,school_bus,Route-4
V1A-2025-0036,"Anita Dutta",Nursery,B,school_bus,Route-7
V1A-2025-0037,"Rahul Chopra",Nursery,B,school_bus,Route-8
V1A-2025-0038,"Pari Malhotra",Nursery,B,school_bus,Route-9
V1A-2025-0041,"Neha Khanna",Nursery,B,school_bus,Route-2
V1A-2025-0042,"Gauri Bhatia",Nursery,B,school_bus,Route-3
V1A-2025-0043,"Arjun Ahuja",Nursery,B,school_bus,Route-4
V1A-2025-0046,"Ananya Rajput",Nursery,B,school_bus,Route-7
V1A-2025-0047,"Aditya Yadav",Nursery,B,school_bus,Route-8
V1A-2025-0048,"Ramesh Yadav",Nursery,B,school_bus,Route-9
V1A-2025-0051,"Aarav Pandey",Nursery,B,school_bus,Route-2
V1A-2025-0052,"Vikram Pandey",Nursery,B,school_bus,Route-3
V1A-2025-0053,"Ira Dubey",Nursery,B,school_bus,Route-4
V1A-2025-0056,"Sunil Sharma",Nursery,B,school_bus,Route-7
V1A-2025-0057,"Myra Verma",Nursery,B,school_bus,Route-8
V1A-2025-0058,"Ishaan Patel",Nursery,B,school_bus,Route-9
V1A-2025-0061,"Anvi Nair",KG,A,school_bus,Route-2
V1A-2025-0062,"Ayaan Iyer",KG,A,school_bus,Route-3
V1A-2025-0063,"Sita Iyer",KG,A,school_bus,Route-4
V1A-2025-0066,"Sai Deshmukh",KG,A,school_bus,Route-7
V1A-2025-0067,"Geeta Deshmukh",KG,A,school_bus,Route-8
V1A-2025-0068,"Roshni Kulkarni",KG,A,school_bus,Route-9
V1A-2025-0071,"Ravi Bhat",KG,A,school_bus,Route-2
V1A-2025-0072,"Kavya Rao",KG,A,school_bus,Route-3
V1A-2025-0073,"Advaith Choudhury",KG,A,school_bus,Route-4
V1A-2025-0076,"Avani Shah",KG,A,school_bus,Route-7
V1A-2025-0077,"Advik Mukherjee",KG,A,school_bus,Route-8
V1A-2025-0078,"Lata Mukherjee",KG,A,school_bus,Route-9
V1A-2025-0081,"Shaurya Chatterjee",KG,A,school_bus,Route-2
V1A-2025-0082,"Asha Chatterjee",KG,A,school_bus,Route-3
V1A-2025-0083,"Amit Nath",KG,A,school_bus,Route-4
V1A-2025-0086,"Anita Das",KG,A,school_bus,Route-7
V1A-2025-0087,"Rahul Bose",KG,A,school_bus,Route-8
V1A-2025-0088,"Pari Mitra",KG,A,school_bus,Route-9
V1A-2025-0091,"Neha Chopra",KG,B,school_bus,Route-2
V1A-2025-0092,"Gauri Malhotra",KG,B,school_bus,Route-3
V1A-2025-0093,"Arjun Kapoor",KG,B,school_bus,Route-4
V1A-2025-0096,"Ananya Bhatia",KG,B,school_bus,Route-7
V1A-2025-0097,"Aditya Ahuja",KG,B,school_bus,Route-8
V1A-2025-0098,"Ramesh Ahuja",KG,B,school_bus,Route-9
V1A-2025-0101,"Aarav Yadav",KG,B,school_bus,Route-2
V1A-2025-0102,"Vikram Yadav",KG,B,school_bus,Route-3
V1A-2025-0103,"Ira Mishra",KG,B,school_bus,Route-4
V1A-2025-0106,"Sunil Pandey",KG,B,school_bus,Route-7
V1A-2025-0107,"Myra Dubey",KG,B,school_bus,Route-8
V1A-2025-0108,"Ishaan Ojha",KG,B,school_bus,Route-9
V1A-2025-0111,"Anvi Verma",KG,B,school_bus,Route-2
V1A-2025-0112,"Ayaan Patel",KG,B,school_bus,Route-3
V1A-2025-0113,"Sita Patel",KG,B,school_bus,Route-4
V1A-2025-0116,"Sai Iyer",KG,B,school_bus,Route-7
V1A-2025-0117,"Geeta Iyer",KG,B,school_bus,Route-8
V1A-2025-0118,"Roshni Gupta",KG,B,school_bus,Route-9
V1A-2025-0121,"Ravi Deshmukh",CBSE-1,A,school_bus,Route-2
V1A-2025-0122,"Kavya Kulkarni",CBSE-1,A,school_bus,Route-3
V1A-2025-0123,"Advaith Joshi",CBSE-1,A,school_bus,Route-4
V1A-2025-0126,"Avani Rao",CBSE-1,A,school_bus,Route-7
V1A-2025-0127,"Advik Choudhury",CBSE-1,A,school_bus,Route-8
V1A-2025-0128,"Lata Choudhury",CBSE-1,A,school_bus,Route-9
V1A-2025-0131,"Shaurya Mukherjee",CBSE-1,A,school_bus,Route-2
V1A-2025-0132,"Asha Mukherjee",CBSE-1,A,school_bus,Route-3
V1A-2025-0133,"Amit Banerjee",CBSE-1,A,school_bus,Route-4
V1A-2025-0136,"Anita Chatterjee",CBSE-1,A,school_bus,Route-7
V1A-2025-0137,"Rahul Nath",CBSE-1,A,school_bus,Route-8
V1A-2025-0138,"Pari Sen",CBSE-1,A,school_bus,Route-9
V1A-2025-0141,"Neha Bose",CBSE-1,A,school_bus,Route-2
V1A-2025-0142,"Gauri Mitra",CBSE-1,A,school_bus,Route-3
V1A-2025-0143,"Arjun Dutta",CBSE-1,A,school_bus,Route-4
V1A-2025-0146,"Ananya Malhotra",CBSE-1,A,school_bus,Route-7
V1A-2025-0147,"Aditya Kapoor",CBSE-1,A,school_bus,Route-8
V1A-2025-0148,"Ramesh Kapoor",CBSE-1,A,school_bus,Route-9
V1A-2025-0151,"Aarav Ahuja",CBSE-1,B,school_bus,Route-2
V1A-2025-0152,"Vikram Ahuja",CBSE-1,B,school_bus,Route-3
V1A-2025-0153,"Ira Chauhan",CBSE-1,B,school_bus,Route-4
V1A-2025-0156,"Sunil Yadav",CBSE-1,B,school_bus,Route-7
V1A-2025-0157,"Myra Mishra",CBSE-1,B,school_bus,Route-8
V1A-2025-0158,"Ishaan Tiwari",CBSE-1,B,school_bus,Route-9
V1A-2025-0161,"Anvi Dubey",CBSE-1,B,school_bus,Route-2
V1A-2025-0162,"Ayaan Ojha",CBSE-1,B,school_bus,Route-3
V1A-2025-0163,"Sita Ojha",CBSE-1,B,school_bus,Route-4
V1A-2025-0166,"Sai Patel",CBSE-1,B,school_bus,Route-7
V1A-2025-0167,"Geeta Patel",CBSE-1,B,school_bus,Route-8
V1A-2025-0168,"Roshni Reddy",CBSE-1,B,school_bus,Route-9
V1A-2025-0171,"Ravi Iyer",CBSE-1,B,school_bus,Route-2
V1A-2025-0172,"Kavya Gupta",CBSE-1,B,school_bus,Route-3
V1A-2025-0173,"Advaith Singh",CBSE-1,B,school_bus,Route-4
V1A-2025-0176,"Avani Kulkarni",CBSE-1,B,school_bus,Route-7
V1A-2025-0177,"Advik Joshi",CBSE-1,B,school_bus,Route-8
V1A-2025-0178,"Lata Joshi",CBSE-1,B,school_bus,Route-9
V1A-2025-0181,"Shaurya Choudhury",CBSE-2,A,school_bus,Route-2
V1A-2025-0182,"Asha Choudhury",CBSE-2,A,school_bus,Route-3
V1A-2025-0183,"Amit Mehta",CBSE-2,A,school_bus,Route-4
V1A-2025-0186,"Anita Mukherjee",CBSE-2,A,school_bus,Route-7
V1A-2025-0187,"Rahul Banerjee",CBSE-2,A,school_bus,Route-8
V1A-2025-0188,"Pari Ghosh",CBSE-2,A,school_bus,Route-9
V1A-2025-0191,"Neha Nath",CBSE-2,A,school_bus,Route-2
V1A-2025-0192,"Gauri Sen",CBSE-2,A,school_bus,Route-3
V1A-2025-0193,"Arjun Das",CBSE-2,A,school_bus,Route-4
V1A-2025-0196,"Ananya Mitra",CBSE-2,A,school_bus,Route-7
V1A-2025-0197,"Aditya Dutta",CBSE-2,A,school_bus,Route-8
V1A-2025-0198,"Ramesh Dutta",CBSE-2,A,school_bus,Route-9
V1A-2025-0201,"Aarav Kapoor",CBSE-2,A,school_bus,Route-2
V1A-2025-0202,"Vikram Kapoor",CBSE-2,A,school_bus,Route-3
V1A-2025-0203,"Ira Khanna",CBSE-2,A,school_bus,Route-4
V1A-2025-0206,"Sunil Ahuja",CBSE-2,A,school_bus,Route-7
V1A-2025-0207,"Myra Chauhan",CBSE-2,A,school_bus,Route-8
V1A-2025-0208,"Ishaan Rajput",CBSE-2,A,school_bus,Route-9
V1A-2025-0211,"Anvi Mishra",CBSE-2,B,school_bus,Route-2
V1A-2025-0212,"Ayaan Tiwari",CBSE-2,B,school_bus,Route-3
V1A-2025-0213,"Sita Tiwari",CBSE-2,B,school_bus,Route-4
V1A-2025-0216,"Sai Ojha",CBSE-2,B,school_bus,Route-7
V1A-2025-0217,"Geeta Ojha",CBSE-2,B,school_bus,Route-8
V1A-2025-0218,"Roshni Sharma",CBSE-2,B,school_bus,Route-9
V1A-2025-0221,"Ravi Patel",CBSE-2,B,school_bus,Route-2
V1A-2025-0222,"Kavya Reddy",CBSE-2,B,school_bus,Route-3
V1A-2025-0223,"Advaith Nair",CBSE-2,B,school_bus,Route-4
V1A-2025-0226,"Avani Gupta",CBSE-2,B,school_bus,Route-7
V1A-2025-0227,"Advik Singh",CBSE-2,B,school_bus,Route-8
V1A-2025-0228,"Lata Singh",CBSE-2,B,school_bus,Route-9
V1A-2025-0231,"Shaurya Joshi",CBSE-2,B,school_bus,Route-2
V1A-2025-0232,"Asha Joshi",CBSE-2,B,school_bus,Route-3
V1A-2025-0233,"Amit Bhat",CBSE-2,B,school_bus,Route-4
V1A-2025-0236,"Anita Choudhury",CBSE-2,B,school_bus,Route-7
V1A-2025-0237,"Rahul Mehta",CBSE-2,B,school_bus,Route-8
V1A-2025-0238,"Pari Shah",CBSE-2,B,school_bus,Route-9
V1A-2025-0241,"Neha Banerjee",CBSE-3,A,school_bus,Route-2
V1A-2025-0242,"Gauri Ghosh",CBSE-3,A,school_bus,Route-3
V1A-2025-0243,"Arjun Chatterjee",CBSE-3,A,school_bus,Route-4
V1A-2025-0246,"Ananya Sen",CBSE-3,A,school_bus,Route-7
V1A-2025-0247,"Aditya Das",CBSE-3,A,school_bus,Route-8
V1A-2025-0248,"Ramesh Das",CBSE-3,A,school_bus,Route-9
V1A-2025-0251,"Aarav Dutta",CBSE-3,A,school_bus,Route-2
V1A-2025-0252,"Vikram Dutta",CBSE-3,A,school_bus,Route-3
V1A-2025-0253,"Ira Chopra",CBSE-3,A,school_bus,Route-4
V1A-2025-0256,"Sunil Kapoor",CBSE-3,A,school_bus,Route-7
V1A-2025-0257,"Myra Khanna",CBSE-3,A,school_bus,Route-8
V1A-2025-0258,"Ishaan Bhatia",CBSE-3,A,school_bus,Route-9
V1A-2025-0261,"Anvi Chauhan",CBSE-3,A,school_bus,Route-2
V1A-2025-0262,"Ayaan Rajput",CBSE-3,A,school_bus,Route-3
V1A-2025-0263,"Sita Rajput",CBSE-3,A,school_bus,Route-4
V1A-2025-0266,"Sai Tiwari",CBSE-3,A,school_bus,Route-7
V1A-2025-0267,"Geeta Tiwari",CBSE-3,A,school_bus,Route-8
V1A-2025-0268,"Roshni Pandey",CBSE-3,A,school_bus,Route-9
V1A-2025-0271,"Ravi Ojha",CBSE-3,B,school_bus,Route-2
V1A-2025-0272,"Kavya Sharma",CBSE-3,B,school_bus,Route-3
V1A-2025-0273,"Advaith Verma",CBSE-3,B,school_bus,Route-4
V1A-2025-0276,"Avani Reddy",CBSE-3,B,school_bus,Route-7
V1A-2025-0277,"Advik Nair",CBSE-3,B,school_bus,Route-8
V1A-2025-0278,"Lata Nair",CBSE-3,B,school_bus,Route-9
V1A-2025-0281,"Shaurya Singh",CBSE-3,B,school_bus,Route-2
V1A-2025-0282,"Asha Singh",CBSE-3,B,school_bus,Route-3
V1A-2025-0283,"Amit Deshmukh",CBSE-3,B,school_bus,Route-4
V1A-2025-0286,"Anita Joshi",CBSE-3,B,school_bus,Route-7
V1A-2025-0287,"Rahul Bhat",CBSE-3,B,school_bus,Route-8
V1A-2025-0288,"Pari Rao",CBSE-3,B,school_bus,Route-9
V1A-2025-0291,"Neha Mehta",CBSE-3,B,school_bus,Route-2
V1A-2025-0292,"Gauri Shah",CBSE-3,B,school_bus,Route-3
V1A-2025-0293,"Arjun Mukherjee",CBSE-3,B,school_bus,Route-4
V1A-2025-0296,"Ananya Ghosh",CBSE-3,B,school_bus,Route-7
V1A-2025-0297,"Aditya Chatterjee",CBSE-3,B,school_bus,Route-8
V1A-2025-0298,"Ramesh Chatterjee",CBSE-3,B,school_bus,Route-9
V1A-2025-0301,"Aarav Das",CBSE-4,A,school_bus,Route-2
V1A-2025-0302,"Vikram Das",CBSE-4,A,school_bus,Route-3
V1A-2025-0303,"Ira Bose",CBSE-4,A,school_bus,Route-4
V1A-2025-0306,"Sunil Dutta",CBSE-4,A,school_bus,Route-7
V1A-2025-0307,"Myra Chopra",CBSE-4,A,school_bus,Route-8
V1A-2025-0308,"Ishaan Malhotra",CBSE-4,A,school_bus,Route-9
V1A-2025-0311,"Anvi Khanna",CBSE-4,A,school_bus,Route-2
V1A-2025-0312,"Ayaan Bhatia",CBSE-4,A,school_bus,Route-3
V1A-2025-0313,"Sita Bhatia",CBSE-4,A,school_bus,Route-4
V1A-2025-0316,"Sai Rajput",CBSE-4,A,school_bus,Route-7
V1A-2025-0317,"Geeta Rajput",CBSE-4,A,school_bus,Route-8
V1A-2025-0318,"Roshni Yadav",CBSE-4,A,school_bus,Route-9
V1A-2025-0321,"Ravi Tiwari",CBSE-4,A,school_bus,Route-2
V1A-2025-0322,"Kavya Pandey",CBSE-4,A,school_bus,Route-3
V1A-2025-0323,"Advaith Dubey",CBSE-4,A,school_bus,Route-4
V1A-2025-0326,"Avani Sharma",CBSE-4,A,school_bus,Route-7
V1A-2025-0327,"Advik Verma",CBSE-4,A,school_bus,Route-8
V1A-2025-0328,"Lata Verma",CBSE-4,A,school_bus,Route-9
V1A-2025-0331,"Shaurya Nair",CBSE-4,B,school_bus,Route-2
V1A-2025-0332,"Asha Nair",CBSE-4,B,school_bus,Route-3
V1A-2025-0333,"Amit Iyer",CBSE-4,B,school_bus,Route-4
V1A-2025-0336,"Anita Singh",CBSE-4,B,school_bus,Route-7
V1A-2025-0337,"Rahul Deshmukh",CBSE-4,B,school_bus,Route-8
V1A-2025-0338,"Pari Kulkarni",CBSE-4,B,school_bus,Route-9
V1A-2025-0341,"Neha Bhat",CBSE-4,B,school_bus,Route-2
V1A-2025-0342,"Gauri Rao",CBSE-4,B,school_bus,Route-3
V1A-2025-0343,"Arjun Choudhury",CBSE-4,B,school_bus,Route-4
V1A-2025-0346,"Ananya Shah",CBSE-4,B,school_bus,Route-7
V1A-2025-0347,"Aditya Mukherjee",CBSE-4,B,school_bus,Route-8
V1A-2025-0348,"Ramesh Mukherjee",CBSE-4,B,school_bus,Route-9
V1A-2025-0351,"Aarav Chatterjee",CBSE-4,B,school_bus,Route-2
V1A-2025-0352,"Vikram Chatterjee",CBSE-4,B,school_bus,Route-3
V1A-2025-0353,"Ira Nath",CBSE-4,B,school_bus,Route-4
V1A-2025-0356,"Sunil Das",CBSE-4,B,school_bus,Route-7
V1A-2025-0357,"Myra Bose",CBSE-4,B,school_bus,Route-8
V1A-2025-0358,"Ishaan Mitra",CBSE-4,B,school_bus,Route-9
V1A-2025-0361,"Anvi Chopra",CBSE-5,A,school_bus,Route-2
V1A-2025-0362,"Ayaan Malhotra",CBSE-5,A,school_bus,Route-3
V1A-2025-0363,"Sita Malhotra",CBSE-5,A,school_bus,Route-4
V1A-2025-0366,"Sai Bhatia",CBSE-5,A,school_bus,Route-7
V1A-2025-0367,"Geeta Bhatia",CBSE-5,A,school_bus,Route-8
V1A-2025-0368,"Roshni Ahuja",CBSE-5,A,school_bus,Route-9
V1A-2025-0371,"Ravi Rajput",CBSE-5,A,school_bus,Route-2
V1A-2025-0372,"Kavya Yadav",CBSE-5,A,school_bus,Route-3
V1A-2025-0373,"Advaith Mishra",CBSE-5,A,school_bus,Route-4
V1A-2025-0376,"Avani Pandey",CBSE-5,A,school_bus,Route-7
V1A-2025-0377,"Advik Dubey",CBSE-5,A,school_bus,Route-8
V1A-2025-0378,"Lata Dubey",CBSE-5,A,school_bus,Route-9
V1A-2025-0381,"Shaurya Verma",CBSE-5,A,school_bus,Route-2
V1A-2025-0382,"Asha Verma",CBSE-5,A,school_bus,Route-3
V1A-2025-0383,"Amit Patel",CBSE-5,A,school_bus,Route-4
V1A-2025-0386,"Anita Nair",CBSE-5,A,school_bus,Route-7
V1A-2025-0387,"Rahul Iyer",CBSE-5,A,school_bus,Route-8
V1A-2025-0388,"Pari Gupta",CBSE-5,A,school_bus,Route-9
V1A-2025-0391,"Neha Deshmukh",CBSE-5,B,school_bus,Route-2
V1A-2025-0392,"Gauri Kulkarni",CBSE-5,B,school_bus,Route-3
V1A-2025-0393,"Arjun Joshi",CBSE-5,B,school_bus,Route-4
V1A-2025-0396,"Ananya Rao",CBSE-5,B,school_bus,Route-7
V1A-2025-0397,"Aditya Choudhury",CBSE-5,B,school_bus,Route-8
V1A-2025-0398,"Ramesh Choudhury",CBSE-5,B,school_bus,Route-9
V1A-2025-0401,"Aarav Mukherjee",CBSE-5,B,school_bus,Route-2
V1A-2025-0402,"Vikram Mukherjee",CBSE-5,B,school_bus,Route-3
V1A-2025-0403,"Ira Banerjee",CBSE-5,B,school_bus,Route-4
V1A-2025-0406,"Sunil Chatterjee",CBSE-5,B,school_bus,Route-7
V1A-2025-0407,"Myra Nath",CBSE-5,B,school_bus,Route-8
V1A-2025-0408,"Ishaan Sen",CBSE-5,B,school_bus,Route-9
V1A-2025-0411,"Anvi Bose",CBSE-5,B,school_bus,Route-2
V1A-2025-0412,"Ayaan Mitra",CBSE-5,B,school_bus,Route-3
V1A-2025-0413,"Sita Mitra",CBSE-5,B,school_bus,Route-4
V1A-2025-0416,"Sai Malhotra",CBSE-5,B,school_bus,Route-7
V1A-2025-0417,"Geeta Malhotra",CBSE-5,B,school_bus,Route-8
V1A-2025-0418,"Roshni Kapoor",CBSE-5,B,school_bus,Route-9
V1A-2025-0421,"Ravi Bhatia",CBSE-6,A,school_bus,Route-2
V1A-2025-0422,"Kavya Ahuja",CBSE-6,A,school_bus,Route-3
V1A-2025-0423,"Advaith Chauhan",CBSE-6,A,school_bus,Route-4
V1A-2025-0426,"Avani Yadav",CBSE-6,A,school_bus,Route-7
V1A-2025-0427,"Advik Mishra",CBSE-6,A,school_bus,Route-8
V1A-2025-0428,"Lata Mishra",CBSE-6,A,school_bus,Route-9
V1A-2025-0431,"Shaurya Dubey",CBSE-6,A,school_bus,Route-2
V1A-2025-0432,"Asha Dubey",CBSE-6,A,school_bus,Route-3
V1A-2025-0433,"Amit Ojha",CBSE-6,A,school_bus,Route-4
V1A-2025-0436,"Anita Verma",CBSE-6,A,school_bus,Route-7
V1A-2025-0437,"Rahul Patel",CBSE-6,A,school_bus,Route-8
V1A-2025-0438,"Pari Reddy",CBSE-6,A,school_bus,Route-9
V1A-2025-0441,"Neha Iyer",CBSE-6,A,school_bus,Route-2
V1A-2025-0442,"Gauri Gupta",CBSE-6,A,school_bus,Route-3
V1A-2025-0443,"Arjun Singh",CBSE-6,A,school_bus,Route-4
V1A-2025-0446,"Ananya Kulkarni",CBSE-6,A,school_bus,Route-7
V1A-2025-0447,"Aditya Joshi",CBSE-6,A,school_bus,Route-8
V1A-2025-0448,"Ramesh Joshi",CBSE-6,A,school_bus,Route-9
V1A-2025-0451,"Aarav Choudhury",CBSE-6,B,school_bus,Route-2
V1A-2025-0452,"Vikram Choudhury",CBSE-6,B,school_bus,Route-3
V1A-2025-0453,"Ira Mehta",CBSE-6,B,school_bus,Route-4
V1A-2025-0456,"Sunil Mukherjee",CBSE-6,B,school_bus,Route-7
V1A-2025-0457,"Myra Banerjee",CBSE-6,B,school_bus,Route-8
V1A-2025-0458,"Ishaan Ghosh",CBSE-6,B,school_bus,Route-9
V1A-2025-0461,"Anvi Nath",CBSE-6,B,school_bus,Route-2
V1A-2025-0462,"Ayaan Sen",CBSE-6,B,school_bus,Route-3
V1A-2025-0463,"Sita Sen",CBSE-6,B,school_bus,Route-4
V1A-2025-0466,"Sai Mitra",CBSE-6,B,school_bus,Route-7
V1A-2025-0467,"Geeta Mitra",CBSE-6,B,school_bus,Route-8
V1A-2025-0468,"Roshni Dutta",CBSE-6,B,school_bus,Route-9
V1A-2025-0471,"Ravi Malhotra",CBSE-6,B,school_bus,Route-2
V1A-2025-0472,"Kavya Kapoor",CBSE-6,B,school_bus,Route-3
V1A-2025-0473,"Advaith Khanna",CBSE-6,B,school_bus,Route-4
V1A-2025-0476,"Avani Ahuja",CBSE-6,B,school_bus,Route-7
V1A-2025-0477,"Advik Chauhan",CBSE-6,B,school_bus,Route-8
V1A-2025-0478,"Lata Chauhan",CBSE-6,B,school_bus,Route-9
V1A-2025-0481,"Shaurya Mishra",CBSE-7,A,school_bus,Route-2
V1A-2025-0482,"Asha Mishra",CBSE-7,A,school_bus,Route-3
V1A-2025-0483,"Amit Tiwari",CBSE-7,A,school_bus,Route-4
V1A-2025-0486,"Anita Dubey",CBSE-7,A,school_bus,Route-7
V1A-2025-0487,"Rahul Ojha",CBSE-7,A,school_bus,Route-8
V1A-2025-0488,"Pari Sharma",CBSE-7,A,school_bus,Route-9
V1A-2025-0491,"Neha Patel",CBSE-7,A,school_bus,Route-2
V1A-2025-0492,"Gauri Reddy",CBSE-7,A,school_bus,Route-3
V1A-2025-0493,"Arjun Nair",CBSE-7,A,school_bus,Route-4
V1A-2025-0496,"Ananya Gupta",CBSE-7,A,school_bus,Route-7
V1A-2025-0497,"Aditya Singh",CBSE-7,A,school_bus,Route-8
V1A-2025-0498,"Ramesh Singh",CBSE-7,A,school_bus,Route-9
V1A-2025-0501,"Aarav Joshi",CBSE-7,A,school_bus,Route-2
V1A-2025-0502,"Vikram Joshi",CBSE-7,A,school_bus,Route-3
V1A-2025-0503,"Ira Bhat",CBSE-7,A,school_bus,Route-4
V1A-2025-0506,"Sunil Choudhury",CBSE-7,A,school_bus,Route-7
V1A-2025-0507,"Myra Mehta",CBSE-7,A,school_bus,Route-8
V1A-2025-0508,"Ishaan Shah",CBSE-7,A,school_bus,Route-9
V1A-2025-0511,"Anvi Banerjee",CBSE-7,B,school_bus,Route-2
V1A-2025-0512,"Ayaan Ghosh",CBSE-7,B,school_bus,Route-3
V1A-2025-0513,"Sita Ghosh",CBSE-7,B,school_bus,Route-4
V1A-2025-0516,"Sai Sen",CBSE-7,B,school_bus,Route-7
V1A-2025-0517,"Geeta Sen",CBSE-7,B,school_bus,Route-8
V1A-2025-0518,"Roshni Das",CBSE-7,B,school_bus,Route-9
V1A-2025-0521,"Ravi Mitra",CBSE-7,B,school_bus,Route-2
V1A-2025-0522,"Kavya Dutta",CBSE-7,B,school_bus,Route-3
V1A-2025-0523,"Advaith Chopra",CBSE-7,B,school_bus,Route-4
V1A-2025-0526,"Avani Kapoor",CBSE-7,B,school_bus,Route-7
V1A-2025-0527,"Advik Khanna",CBSE-7,B,school_bus,Route-8
V1A-2025-0528,"Lata Khanna",CBSE-7,B,school_bus,Route-9
V1A-2025-0531,"Shaurya Chauhan",CBSE-7,B,school_bus,Route-2
V1A-2025-0532,"Asha Chauhan",CBSE-7,B,school_bus,Route-3
V1A-2025-0533,"Amit Rajput",CBSE-7,B,school_bus,Route-4
V1A-2025-0536,"Anita Mishra",CBSE-7,B,school_bus,Route-7
V1A-2025-0537,"Rahul Tiwari",CBSE-7,B,school_bus,Route-8
V1A-2025-0538,"Pari Pandey",CBSE-7,B,school_bus,Route-9
V1A-2025-0541,"Neha Ojha",CBSE-8,A,school_bus,Route-2
V1A-2025-0542,"Gauri Sharma",CBSE-8,A,school_bus,Route-3
V1A-2025-0543,"Arjun Verma",CBSE-8,A,school_bus,Route-4
V1A-2025-0546,"Ananya Reddy",CBSE-8,A,school_bus,Route-7
V1A-2025-0547,"Aditya Nair",CBSE-8,A,school_bus,Route-8
V1A-2025-0548,"Ramesh Nair",CBSE-8,A,school_bus,Route-9
V1A-2025-0551,"Aarav Singh",CBSE-8,A,school_bus,Route-2
V1A-2025-0552,"Vikram Singh",CBSE-8,A,school_bus,Route-3
V1A-2025-0553,"Ira Deshmukh",CBSE-8,A,school_bus,Route-4
V1A-2025-0556,"Sunil Joshi",CBSE-8,A,school_bus,Route-7
V1A-2025-0557,"Myra Bhat",CBSE-8,A,school_bus,Route-8
V1A-2025-0558,"Ishaan Rao",CBSE-8,A,school_bus,Route-9
V1A-2025-0561,"Anvi Mehta",CBSE-8,A,school_bus,Route-2
V1A-2025-0562,"Ayaan Shah",CBSE-8,A,school_bus,Route-3
V1A-2025-0563,"Sita Shah",CBSE-8,A,school_bus,Route-4
V1A-2025-0566,"Sai Ghosh",CBSE-8,A,school_bus,Route-7
V1A-2025-0567,"Geeta Ghosh",CBSE-8,A,school_bus,Route-8
V1A-2025-0568,"Roshni Chatterjee",CBSE-8,A,school_bus,Route-9
V1A-2025-0571,"Ravi Sen",CBSE-8,B,school_bus,Route-2
V1A-2025-0572,"Kavya Das",CBSE-8,B,school_bus,Route-3
V1A-2025-0573,"Advaith Bose",CBSE-8,B,school_bus,Route-4
V1A-2025-0576,"Avani Dutta",CBSE-8,B,school_bus,Route-7
V1A-2025-0577,"Advik Chopra",CBSE-8,B,school_bus,Route-8
V1A-2025-0578,"Lata Chopra",CBSE-8,B,school_bus,Route-9
V1A-2025-0581,"Shaurya Khanna",CBSE-8,B,school_bus,Route-2
V1A-2025-0582,"Asha Khanna",CBSE-8,B,school_bus,Route-3
V1A-2025-0583,"Amit Bhatia",CBSE-8,B,school_bus,Route-4
V1A-2025-0586,"Anita Chauhan",CBSE-8,B,school_bus,Route-7
V1A-2025-0587,"Rahul Rajput",CBSE-8,B,school_bus,Route-8
V1A-2025-0588,"Pari Yadav",CBSE-8,B,school_bus,Route-9
V1A-2025-0591,"Neha Tiwari",CBSE-8,B,school_bus,Route-2
V1A-2025-0592,"Gauri Pandey",CBSE-8,B,school_bus,Route-3
V1A-2025-0593,"Arjun Dubey",CBSE-8,B,school_bus,Route-4
V1A-2025-0596,"Ananya Sharma",CBSE-8,B,school_bus,Route-7
V1A-2025-0597,"Aditya Verma",CBSE-8,B,school_bus,Route-8
V1A-2025-0598,"Ramesh Verma",CBSE-8,B,school_bus,Route-9
V1A-2025-0601,"Aarav Nair",CBSE-9,A,school_bus,Route-2
V1A-2025-0602,"Vikram Nair",CBSE-9,A,school_bus,Route-3
V1A-2025-0603,"Ira Iyer",CBSE-9,A,school_bus,Route-4
V1A-2025-0606,"Sunil Singh",CBSE-9,A,school_bus,Route-7
V1A-2025-0607,"Myra Deshmukh",CBSE-9,A,school_bus,Route-8
V1A-2025-0608,"Ishaan Kulkarni",CBSE-9,A,school_bus,Route-9
V1A-2025-0611,"Anvi Bhat",CBSE-9,A,school_bus,Route-2
V1A-2025-0612,"Ayaan Rao",CBSE-9,A,school_bus,Route-3
V1A-2025-0613,"Sita Rao",CBSE-9,A,school_bus,Route-4
V1A-2025-0616,"Sai Shah",CBSE-9,A,school_bus,Route-7
V1A-2025-0617,"Geeta Shah",CBSE-9,A,school_bus,Route-8
V1A-2025-0618,"Roshni Mukherjee",CBSE-9,A,school_bus,Route-9
V1A-2025-0621,"Ravi Ghosh",CBSE-9,A,school_bus,Route-2
V1A-2025-0622,"Kavya Chatterjee",CBSE-9,A,school_bus,Route-3
V1A-2025-0623,"Advaith Nath",CBSE-9,A,school_bus,Route-4
V1A-2025-0626,"Avani Das",CBSE-9,A,school_bus,Route-7
V1A-2025-0627,"Advik Bose",CBSE-9,A,school_bus,Route-8
V1A-2025-0628,"Lata Bose",CBSE-9,A,school_bus,Route-9
V1A-2025-0631,"Shaurya Chopra",CBSE-9,B,school_bus,Route-2
V1A-2025-0632,"Asha Chopra",CBSE-9,B,school_bus,Route-3
V1A-2025-0633,"Amit Malhotra",CBSE-9,B,school_bus,Route-4
V1A-2025-0636,"Anita Khanna",CBSE-9,B,school_bus,Route-7
V1A-2025-0637,"Rahul Bhatia",CBSE-9,B,school_bus,Route-8
V1A-2025-0638,"Pari Ahuja",CBSE-9,B,school_bus,Route-9
V1A-2025-0641,"Neha Rajput",CBSE-9,B,school_bus,Route-2
V1A-2025-0642,"Gauri Yadav",CBSE-9,B,school_bus,Route-3
V1A-2025-0643,"Arjun Mishra",CBSE-9,B,school_bus,Route-4
V1A-2025-0646,"Ananya Pandey",CBSE-9,B,school_bus,Route-7
V1A-2025-0647,"Aditya Dubey",CBSE-9,B,school_bus,Route-8
V1A-2025-0648,"Ramesh Dubey",CBSE-9,B,school_bus,Route-9
V1A-2025-0651,"Aarav Verma",CBSE-9,B,school_bus,Route-2
V1A-2025-0652,"Vikram Verma",CBSE-9,B,school_bus,Route-3
V1A-2025-0653,"Ira Patel",CBSE-9,B,school_bus,Route-4
V1A-2025-0656,"Sunil Nair",CBSE-9,B,school_bus,Route-7
V1A-2025-0657,"Myra Iyer",CBSE-9,B,school_bus,Route-8
V1A-2025-0658,"Ishaan Gupta",CBSE-9,B,school_bus,Route-9
V1A-2025-0661,"Anvi Deshmukh",CBSE-10,A,school_bus,Route-2
V1A-2025-0662,"Ayaan Kulkarni",CBSE-10,A,school_bus,Route-3
V1A-2025-0663,"Sita Kulkarni",CBSE-10,A,school_bus,Route-4
V1A-2025-0666,"Sai Rao",CBSE-10,A,school_bus,Route-7
V1A-2025-0667,"Geeta Rao",CBSE-10,A,school_bus,Route-8
V1A-2025-0668,"Roshni Choudhury",CBSE-10,A,school_bus,Route-9
V1A-2025-0671,"Ravi Shah",CBSE-10,A,school_bus,Route-2
V1A-2025-0672,"Kavya Mukherjee",CBSE-10,A,school_bus,Route-3
V1A-2025-0673,"Advaith Banerjee",CBSE-10,A,school_bus,Route-4
V1A-2025-0676,"Avani Chatterjee",CBSE-10,A,school_bus,Route-7
V1A-2025-0677,"Advik Nath",CBSE-10,A,school_bus,Route-8
V1A-2025-0678,"Lata Nath",CBSE-10,A,school_bus,Route-9
V1A-2025-0681,"Shaurya Bose",CBSE-10,A,school_bus,Route-2
V1A-2025-0682,"Asha Bose",CBSE-10,A,school_bus,Route-3
V1A-2025-0683,"Amit Mitra",CBSE-10,A,school_bus,Route-4
V1A-2025-0686,"Anita Chopra",CBSE-10,A,school_bus,Route-7
V1A-2025-0687,"Rahul Malhotra",CBSE-10,A,school_bus,Route-8
V1A-2025-0688,"Pari Kapoor",CBSE-10,A,school_bus,Route-9
V1A-2025-0691,"Neha Bhatia",CBSE-10,B,school_bus,Route-2
V1A-2025-0692,"Gauri Ahuja",CBSE-10,B,school_bus,Route-3
V1A-2025-0693,"Arjun Chauhan",CBSE-10,B,school_bus,Route-4
V1A-2025-0696,"Ananya Yadav",CBSE-10,B,school_bus,Route-7
V1A-2025-0697,"Aditya Mishra",CBSE-10,B,school_bus,Route-8
V1A-2025-0698,"Ramesh Mishra",CBSE-10,B,school_bus,Route-9
V1A-2025-0701,"Aarav Dubey",CBSE-10,B,school_bus,Route-2
V1A-2025-0702,"Vikram Dubey",CBSE-10,B,school_bus,Route-3
V1A-2025-0703,"Ira Ojha",CBSE-10,B,school_bus,Route-4
V1A-2025-0706,"Sunil Verma",CBSE-10,B,school_bus,Route-7
V1A-2025-0707,"Myra Patel",CBSE-10,B,school_bus,Route-8
V1A-2025-0708,"Ishaan Reddy",CBSE-10,B,school_bus,Route-9
V1A-2025-0711,"Anvi Iyer",CBSE-10,B,school_bus,Route-2
V1A-2025-0712,"Ayaan Gupta",CBSE-10,B,school_bus,Route-3
V1A-2025-0713,"Sita Gupta",CBSE-10,B,school_bus,Route-4
V1A-2025-0716,"Sai Kulkarni",CBSE-10,B,school_bus,Route-7
V1A-2025-0717,"Geeta Kulkarni",CBSE-10,B,school_bus,Route-8
V1A-2025-0718,"Roshni Joshi",CBSE-10,B,school_bus,Route-9
V1A-2025-0721,"Ravi Rao",CBSE-11,A,school_bus,Route-2
V1A-2025-0722,"Kavya Choudhury",CBSE-11,A,school_bus,Route-3
V1A-2025-0723,"Advaith Mehta",CBSE-11,A,school_bus,Route-4
V1A-2025-0726,"Avani Mukherjee",CBSE-11,A,school_bus,Route-7
V1A-2025-0727,"Advik Banerjee",CBSE-11,A,school_bus,Route-8
V1A-2025-0728,"Lata Banerjee",CBSE-11,A,school_bus,Route-9
V1A-2025-0731,"Shaurya Nath",CBSE-11,A,school_bus,Route-2
V1A-2025-0732,"Asha Nath",CBSE-11,A,school_bus,Route-3
V1A-2025-0733,"Amit Sen",CBSE-11,A,school_bus,Route-4
V1A-2025-0736,"Anita Bose",CBSE-11,A,school_bus,Route-7
V1A-2025-0737,"Rahul Mitra",CBSE-11,A,school_bus,Route-8
V1A-2025-0738,"Pari Dutta",CBSE-11,A,school_bus,Route-9
V1A-2025-0741,"Neha Malhotra",CBSE-11,A,school_bus,Route-2
V1A-2025-0742,"Gauri Kapoor",CBSE-11,A,school_bus,Route-3
V1A-2025-0743,"Arjun Khanna",CBSE-11,A,school_bus,Route-4
V1A-2025-0746,"Ananya Ahuja",CBSE-11,A,school_bus,Route-7
V1A-2025-0747,"Aditya Chauhan",CBSE-11,A,school_bus,Route-8
V1A-2025-0748,"Ramesh Chauhan",CBSE-11,A,school_bus,Route-9
V1A-2025-0751,"Aarav Mishra",CBSE-11,B,school_bus,Route-2
V1A-2025-0752,"Vikram Mishra",CBSE-11,B,school_bus,Route-3
V1A-2025-0753,"Ira Tiwari",CBSE-11,B,school_bus,Route-4
V1A-2025-0756,"Sunil Dubey",CBSE-11,B,school_bus,Route-7
V1A-2025-0757,"Myra Ojha",CBSE-11,B,school_bus,Route-8
V1A-2025-0758,"Ishaan Sharma",CBSE-11,B,school_bus,Route-9
V1A-2025-0761,"Anvi Patel",CBSE-11,B,school_bus,Route-2
V1A-2025-0762,"Ayaan Reddy",CBSE-11,B,school_bus,Route-3
V1A-2025-0763,"Sita Reddy",CBSE-11,B,school_bus,Route-4
V1A-2025-0766,"Sai Gupta",CBSE-11,B,school_bus,Route-7
V1A-2025-0767,"Geeta Gupta",CBSE-11,B,school_bus,Route-8
V1A-2025-0768,"Roshni Singh",CBSE-11,B,school_bus,Route-9
V1A-2025-0771,"Ravi Kulkarni",CBSE-11,B,school_bus,Route-2
V1A-2025-0772,"Kavya Joshi",CBSE-11,B,school_bus,Route-3
V1A-2025-0773,"Advaith Bhat",CBSE-11,B,school_bus,Route-4
V1A-2025-0776,"Avani Choudhury",CBSE-11,B,school_bus,Route-7
V1A-2025-0777,"Advik Mehta",CBSE-11,B,school_bus,Route-8
V1A-2025-0778,"Lata Mehta",CBSE-11,B,school_bus,Route-9
V1A-2025-0781,"Shaurya Banerjee",CBSE-12,A,school_bus,Route-2
V1A-2025-0782,"Asha Banerjee",CBSE-12,A,school_bus,Route-3
V1A-2025-0783,"Amit Ghosh",CBSE-12,A,school_bus,Route-4
V1A-2025-0786,"Anita Nath",CBSE-12,A,school_bus,Route-7
V1A-2025-0787,"Rahul Sen",CBSE-12,A,school_bus,Route-8
V1A-2025-0788,"Pari Das",CBSE-12,A,school_bus,Route-9
V1A-2025-0791,"Neha Mitra",CBSE-12,A,school_bus,Route-2
V1A-2025-0792,"Gauri Dutta",CBSE-12,A,school_bus,Route-3
V1A-2025-0793,"Arjun Chopra",CBSE-12,A,school_bus,Route-4
V1A-2025-0796,"Ananya Kapoor",CBSE-12,A,school_bus,Route-7
V1A-2025-0797,"Aditya Khanna",CBSE-12,A,school_bus,Route-8
V1A-2025-0798,"Ramesh Khanna",CBSE-12,A,school_bus,Route-9
V1A-2025-0801,"Aarav Chauhan",CBSE-12,A,school_bus,Route-2
V1A-2025-0802,"Vikram Chauhan",CBSE-12,A,school_bus,Route-3
V1A-2025-0803,"Ira Rajput",CBSE-12,A,school_bus,Route-4
V1A-2025-0806,"Sunil Mishra",CBSE-12,A,school_bus,Route-7
V1A-2025-0807,"Myra Tiwari",CBSE-12,A,school_bus,Route-8
V1A-2025-0808,"Ishaan Pandey",CBSE-12,A,school_bus,Route-9
V1A-2025-0811,"Anvi Ojha",CBSE-12,B,school_bus,Route-2
V1A-2025-0812,"Ayaan Sharma",CBSE-12,B,school_bus,Route-3
V1A-2025-0813,"Sita Sharma",CBSE-12,B,school_bus,Route-4
V1A-2025-0816,"Sai Reddy",CBSE-12,B,school_bus,Route-7
V1A-2025-0817,"Geeta Reddy",CBSE-12,B,school_bus,Route-8
V1A-2025-0818,"Roshni Nair",CBSE-12,B,school_bus,Route-9
V1A-2025-0821,"Ravi Gupta",CBSE-12,B,school_bus,Route-2
V1A-2025-0822,"Kavya Singh",CBSE-12,B,school_bus,Route-3
V1A-2025-0823,"Advaith Deshmukh",CBSE-12,B,school_bus,Route-4
V1A-2025-0826,"Avani Joshi",CBSE-12,B,school_bus,Route-7
V1A-2025-0827,"Advik Bhat",CBSE-12,B,school_bus,Route-8
V1A-2025-0828,"Lata Bhat",CBSE-12,B,school_bus,Route-9
V1A-2025-0831,"Shaurya Mehta",CBSE-12,B,school_bus,Route-2
V1A-2025-0832,"Asha Mehta",CBSE-12,B,school_bus,Route-3
V1A-2025-0833,"Amit Shah",CBSE-12,B,school_bus,Route-4
V1A-2025-0836,"Anita Banerjee",CBSE-12,B,school_bus,Route-7
V1A-2025-0837,"Rahul Ghosh",CBSE-12,B,school_bus,Route-8
V1A-2025-0838,"Pari Chatterjee",CBSE-12,B,school_bus,Route-9
