checkin_id,employee_no,staff_name,department,date,status,hours_worked
CHK-91eccb8a,EMP-7966,"Victor Sterling","Academic Staff",2025-06-02,Present,8
CHK-d55cbf99,EMP-7966,"Victor Sterling","Academic Staff",2025-07-07,Present,8
CHK-ddc582e3,EMP-7966,"Victor Sterling","Academic Staff",2025-08-04,Present,8
CHK-0416b2dc,EMP-7966,"Victor Sterling","Academic Staff",2025-09-01,Present,8
CHK-b5c9a4f1,EMP-7966,"Victor Sterling","Academic Staff",2025-10-06,Present,8
CHK-b795d576,EMP-7966,"Victor Sterling","Academic Staff",2025-11-03,Present,8
CHK-424d865f,EMP-7966,"Victor Sterling","Academic Staff",2025-12-01,Present,8
CHK-8de0efef,EMP-7966,"Victor Sterling","Academic Staff",2026-01-05,Present,8
CHK-c43f1e82,EMP-7966,"Victor Sterling","Academic Staff",2026-02-02,Present,8
CHK-bff4e28e,EMP-7966,"Victor Sterling","Academic Staff",2026-03-02,Present,8
CHK-84fb55e3,EMP-7966,"Victor Sterling","Academic Staff",2026-04-06,Present,8
CHK-689eafa5,EMP-de87,"Evelyn Vance","Academic Staff",2025-06-02,Present,8
CHK-852f4bd7,EMP-de87,"Evelyn Vance","Academic Staff",2025-07-07,Present,8
CHK-f3986efd,EMP-de87,"Evelyn Vance","Academic Staff",2025-08-04,Present,8
CHK-a89a71f2,EMP-de87,"Evelyn Vance","Academic Staff",2025-09-01,Present,8
CHK-4e2bf2a4,EMP-de87,"Evelyn Vance","Academic Staff",2025-10-06,Present,8
CHK-166a2b1f,EMP-de87,"Evelyn Vance","Academic Staff",2025-11-03,Present,8
CHK-113caf2a,EMP-de87,"Evelyn Vance","Academic Staff",2025-12-01,Present,8
CHK-129af84c,EMP-de87,"Evelyn Vance","Academic Staff",2026-01-05,Present,8
CHK-f87d2cba,EMP-de87,"Evelyn Vance","Academic Staff",2026-02-02,Present,8
CHK-8c0c5ff4,EMP-de87,"Evelyn Vance","Academic Staff",2026-03-02,Present,8
CHK-152b844b,EMP-de87,"Evelyn Vance","Academic Staff",2026-04-06,Present,8
CHK-e70a2647,EMP-02e9,"Clara Higgins","Academic Staff",2025-06-02,Present,8
CHK-284834fc,EMP-02e9,"Clara Higgins","Academic Staff",2025-07-07,Present,8
CHK-6f4e8b39,EMP-02e9,"Clara Higgins","Academic Staff",2025-08-04,Present,8
CHK-d4ff7304,EMP-02e9,"Clara Higgins","Academic Staff",2025-09-01,Present,8
CHK-0382d761,EMP-02e9,"Clara Higgins","Academic Staff",2025-10-06,Present,8
CHK-6f66ab8f,EMP-02e9,"Clara Higgins","Academic Staff",2025-11-03,Present,8
CHK-afee2bf0,EMP-02e9,"Clara Higgins","Academic Staff",2025-12-01,Present,8
CHK-87940fe2,EMP-02e9,"Clara Higgins","Academic Staff",2026-01-05,Present,8
CHK-83611fef,EMP-02e9,"Clara Higgins","Academic Staff",2026-02-02,Present,8
CHK-c62e9400,EMP-02e9,"Clara Higgins","Academic Staff",2026-03-02,Present,8
CHK-7f4d5dd2,EMP-02e9,"Clara Higgins","Academic Staff",2026-04-06,Present,8
CHK-4c2bb044,EMP-1a4e,"Arthur Pendelton","Academic Staff",2025-06-02,Present,8
CHK-60c7190e,EMP-1a4e,"Arthur Pendelton","Academic Staff",2025-07-07,Present,8
CHK-8e35ede9,EMP-1a4e,"Arthur Pendelton","Academic Staff",2025-08-04,Present,8
CHK-31d1ee86,EMP-1a4e,"Arthur Pendelton","Academic Staff",2025-09-01,Present,8
CHK-da7ab971,EMP-1a4e,"Arthur Pendelton","Academic Staff",2025-10-06,Present,8
CHK-129535d6,EMP-1a4e,"Arthur Pendelton","Academic Staff",2025-11-03,Present,8
CHK-7bf6b7e7,EMP-1a4e,"Arthur Pendelton","Academic Staff",2025-12-01,Present,8
CHK-052cec75,EMP-1a4e,"Arthur Pendelton","Academic Staff",2026-01-05,Present,8
CHK-08d8ffbb,EMP-1a4e,"Arthur Pendelton","Academic Staff",2026-02-02,Present,8
CHK-bd0daa38,EMP-1a4e,"Arthur Pendelton","Academic Staff",2026-03-02,Present,8
CHK-14feab86,EMP-1a4e,"Arthur Pendelton","Academic Staff",2026-04-06,Present,8
CHK-3480b70b,EMP-ca09,"Rajesh Kulkarni","Academic Staff",2025-06-02,Present,8
CHK-c67662d7,EMP-ca09,"Rajesh Kulkarni","Academic Staff",2025-07-07,Present,8
CHK-e624de54,EMP-ca09,"Rajesh Kulkarni","Academic Staff",2025-08-04,Present,8
CHK-0c7cb995,EMP-ca09,"Rajesh Kulkarni","Academic Staff",2025-09-01,Present,8
CHK-51267948,EMP-ca09,"Rajesh Kulkarni","Academic Staff",2025-10-06,Present,8
CHK-ecb96224,EMP-ca09,"Rajesh Kulkarni","Academic Staff",2025-11-03,Present,8
CHK-4260a739,EMP-ca09,"Rajesh Kulkarni","Academic Staff",2025-12-01,Present,8
CHK-7da823b2,EMP-ca09,"Rajesh Kulkarni","Academic Staff",2026-01-05,Present,8
CHK-0ad5d160,EMP-ca09,"Rajesh Kulkarni","Academic Staff",2026-02-02,Present,8
CHK-a4cf2f7b,EMP-ca09,"Rajesh Kulkarni","Academic Staff",2026-03-02,Present,8
CHK-775a6db3,EMP-ca09,"Rajesh Kulkarni","Academic Staff",2026-04-06,Present,8
CHK-5c654dc3,EMP-ad10,"Anita Sharma","Academic Staff",2025-06-02,Present,8
CHK-bd4ab77a,EMP-ad10,"Anita Sharma","Academic Staff",2025-07-07,Present,8
CHK-b473a61d,EMP-ad10,"Anita Sharma","Academic Staff",2025-08-04,Present,8
CHK-6fc35c7d,EMP-ad10,"Anita Sharma","Academic Staff",2025-09-01,Present,8
CHK-77041fe5,EMP-ad10,"Anita Sharma","Academic Staff",2025-10-06,Present,8
CHK-55159a10,EMP-ad10,"Anita Sharma","Academic Staff",2025-11-03,Present,8
CHK-1923efe7,EMP-ad10,"Anita Sharma","Academic Staff",2025-12-01,Present,8
CHK-a8e65da4,EMP-ad10,"Anita Sharma","Academic Staff",2026-01-05,Present,8
CHK-8f37749f,EMP-ad10,"Anita Sharma","Academic Staff",2026-02-02,Present,8
CHK-55969216,EMP-ad10,"Anita Sharma","Academic Staff",2026-03-02,Present,8
CHK-66704e1e,EMP-ad10,"Anita Sharma","Academic Staff",2026-04-06,Present,8
CHK-db1a5f25,EMP-a5c2,"David Chen","Academic Staff",2025-06-02,Present,8
CHK-f8d7f70e,EMP-a5c2,"David Chen","Academic Staff",2025-07-07,Present,8
CHK-f5dc7b28,EMP-a5c2,"David Chen","Academic Staff",2025-08-04,Present,8
CHK-31f99ceb,EMP-a5c2,"David Chen","Academic Staff",2025-09-01,Present,8
CHK-d559d8a1,EMP-a5c2,"David Chen","Academic Staff",2025-10-06,Present,8
CHK-b377064a,EMP-a5c2,"David Chen","Academic Staff",2025-11-03,Present,8
CHK-cb1dfe3b,EMP-a5c2,"David Chen","Academic Staff",2025-12-01,Present,8
CHK-25f03063,EMP-a5c2,"David Chen","Academic Staff",2026-01-05,Present,8
CHK-d9ce7851,EMP-a5c2,"David Chen","Academic Staff",2026-02-02,Present,8
CHK-195bec00,EMP-a5c2,"David Chen","Academic Staff",2026-03-02,Present,8
CHK-7e201e82,EMP-a5c2,"David Chen","Academic Staff",2026-04-06,Present,8
CHK-b2dc0dee,EMP-ff71,"Sarah Jenkins","Academic Staff",2025-06-02,Present,8
CHK-017a2ead,EMP-ff71,"Sarah Jenkins","Academic Staff",2025-07-07,Present,8
CHK-edee3161,EMP-ff71,"Sarah Jenkins","Academic Staff",2025-08-04,Present,8
CHK-96fa5ce0,EMP-ff71,"Sarah Jenkins","Academic Staff",2025-09-01,Present,8
CHK-e2d0911c,EMP-ff71,"Sarah Jenkins","Academic Staff",2025-10-06,Present,8
CHK-1f0c5779,EMP-ff71,"Sarah Jenkins","Academic Staff",2025-11-03,Present,8
CHK-5a660440,EMP-ff71,"Sarah Jenkins","Academic Staff",2025-12-01,Present,8
CHK-19a80dc9,EMP-ff71,"Sarah Jenkins","Academic Staff",2026-01-05,Present,8
CHK-a23c876b,EMP-ff71,"Sarah Jenkins","Academic Staff",2026-02-02,Present,8
CHK-3fa7b4c3,EMP-ff71,"Sarah Jenkins","Academic Staff",2026-03-02,Present,8
CHK-e37c70f2,EMP-ff71,"Sarah Jenkins","Academic Staff",2026-04-06,Present,8
CHK-a42017c8,EMP-871e,"Vikram Patel","Academic Staff",2025-06-02,Present,8
CHK-b9431f36,EMP-871e,"Vikram Patel","Academic Staff",2025-07-07,Present,8
CHK-24288d88,EMP-871e,"Vikram Patel","Academic Staff",2025-08-04,Present,8
CHK-2b115e33,EMP-871e,"Vikram Patel","Academic Staff",2025-09-01,Present,8
CHK-c73951d2,EMP-871e,"Vikram Patel","Academic Staff",2025-10-06,Present,8
CHK-e83708cf,EMP-871e,"Vikram Patel","Academic Staff",2025-11-03,Present,8
CHK-2fef437a,EMP-871e,"Vikram Patel","Academic Staff",2025-12-01,Present,8
CHK-9da6d9cc,EMP-871e,"Vikram Patel","Academic Staff",2026-01-05,Present,8
CHK-e65b4cef,EMP-871e,"Vikram Patel","Academic Staff",2026-02-02,Present,8
CHK-b0bd5c00,EMP-871e,"Vikram Patel","Academic Staff",2026-03-02,Present,8
CHK-d1afb742,EMP-871e,"Vikram Patel","Academic Staff",2026-04-06,Present,8
CHK-02716b69,EMP-2fba,"Meenakshi Sundaram","Academic Staff",2025-06-02,Present,8
CHK-cbb6b2e7,EMP-2fba,"Meenakshi Sundaram","Academic Staff",2025-07-07,Present,8
CHK-e92ebcbf,EMP-2fba,"Meenakshi Sundaram","Academic Staff",2025-08-04,Present,8
CHK-c26b1940,EMP-2fba,"Meenakshi Sundaram","Academic Staff",2025-09-01,Present,8
CHK-6d501b5b,EMP-2fba,"Meenakshi Sundaram","Academic Staff",2025-10-06,Present,8
CHK-9b887c84,EMP-2fba,"Meenakshi Sundaram","Academic Staff",2025-11-03,Present,8
CHK-4247e5e6,EMP-2fba,"Meenakshi Sundaram","Academic Staff",2025-12-01,Present,8
CHK-9d13be39,EMP-2fba,"Meenakshi Sundaram","Academic Staff",2026-01-05,Present,8
CHK-6ad25cd3,EMP-2fba,"Meenakshi Sundaram","Academic Staff",2026-02-02,Present,8
CHK-6e4b3c05,EMP-2fba,"Meenakshi Sundaram","Academic Staff",2026-03-02,Present,8
CHK-542f93f6,EMP-2fba,"Meenakshi Sundaram","Academic Staff",2026-04-06,Present,8
CHK-baec74d0,EMP-076d,"Rohan Verma","Academic Staff",2025-06-02,Present,8
CHK-d36c3058,EMP-076d,"Rohan Verma","Academic Staff",2025-07-07,Present,8
CHK-6b28adaa,EMP-076d,"Rohan Verma","Academic Staff",2025-08-04,Present,8
CHK-22f2976d,EMP-076d,"Rohan Verma","Academic Staff",2025-09-01,Present,8
CHK-05b1ead5,EMP-076d,"Rohan Verma","Academic Staff",2025-10-06,Present,8
CHK-853ca0ad,EMP-076d,"Rohan Verma","Academic Staff",2025-11-03,Present,8
CHK-9bced70a,EMP-076d,"Rohan Verma","Academic Staff",2025-12-01,Present,8
CHK-63c36c55,EMP-076d,"Rohan Verma","Academic Staff",2026-01-05,Present,8
CHK-fefb89e3,EMP-076d,"Rohan Verma","Academic Staff",2026-02-02,Present,8
CHK-a546e82e,EMP-076d,"Rohan Verma","Academic Staff",2026-03-02,Present,8
CHK-d21a0ad8,EMP-076d,"Rohan Verma","Academic Staff",2026-04-06,Present,8
CHK-98967651,EMP-c1c4,"Linda Gomez","Academic Staff",2025-06-02,Present,8
CHK-999587e8,EMP-c1c4,"Linda Gomez","Academic Staff",2025-07-07,Present,8
CHK-dfd9bb51,EMP-c1c4,"Linda Gomez","Academic Staff",2025-08-04,Present,8
CHK-9f642055,EMP-c1c4,"Linda Gomez","Academic Staff",2025-09-01,Present,8
CHK-064ee349,EMP-c1c4,"Linda Gomez","Academic Staff",2025-10-06,Present,8
CHK-943ccb22,EMP-c1c4,"Linda Gomez","Academic Staff",2025-11-03,Present,8
CHK-3e5245c7,EMP-c1c4,"Linda Gomez","Academic Staff",2025-12-01,Present,8
CHK-e9f017a0,EMP-c1c4,"Linda Gomez","Academic Staff",2026-01-05,Present,8
CHK-c0cfe5a6,EMP-c1c4,"Linda Gomez","Academic Staff",2026-02-02,Present,8
CHK-a8870f75,EMP-c1c4,"Linda Gomez","Academic Staff",2026-03-02,Present,8
CHK-0b3b6702,EMP-c1c4,"Linda Gomez","Academic Staff",2026-04-06,Present,8
CHK-6e2f0507,EMP-2677,"Kavya Nair","Academic Staff",2025-06-02,Present,8
CHK-4203b47f,EMP-2677,"Kavya Nair","Academic Staff",2025-07-07,Present,8
CHK-dbf13902,EMP-2677,"Kavya Nair","Academic Staff",2025-08-04,Present,8
CHK-e378eb44,EMP-2677,"Kavya Nair","Academic Staff",2025-09-01,Present,8
CHK-9ea29125,EMP-2677,"Kavya Nair","Academic Staff",2025-10-06,Present,8
CHK-ca04698c,EMP-2677,"Kavya Nair","Academic Staff",2025-11-03,Present,8
CHK-dfbed57b,EMP-2677,"Kavya Nair","Academic Staff",2025-12-01,Present,8
CHK-754eacc2,EMP-2677,"Kavya Nair","Academic Staff",2026-01-05,Present,8
CHK-4db6fb7a,EMP-2677,"Kavya Nair","Academic Staff",2026-02-02,Present,8
CHK-3e458a32,EMP-2677,"Kavya Nair","Academic Staff",2026-03-02,Present,8
CHK-241c6b9a,EMP-2677,"Kavya Nair","Academic Staff",2026-04-06,Present,8
CHK-f4a917ff,EMP-8379,"Amit Deshpande","Academic Staff",2025-06-02,Present,8
CHK-74d39bf4,EMP-8379,"Amit Deshpande","Academic Staff",2025-07-07,Present,8
CHK-6bde2d67,EMP-8379,"Amit Deshpande","Academic Staff",2025-08-04,Present,8
CHK-b6c55e2c,EMP-8379,"Amit Deshpande","Academic Staff",2025-09-01,Present,8
CHK-254b7255,EMP-8379,"Amit Deshpande","Academic Staff",2025-10-06,Present,8
CHK-db69b47d,EMP-8379,"Amit Deshpande","Academic Staff",2025-11-03,Present,8
CHK-c0152b82,EMP-8379,"Amit Deshpande","Academic Staff",2025-12-01,Present,8
CHK-b7cb525e,EMP-8379,"Amit Deshpande","Academic Staff",2026-01-05,Present,8
CHK-e7916c5e,EMP-8379,"Amit Deshpande","Academic Staff",2026-02-02,Present,8
CHK-733da23d,EMP-8379,"Amit Deshpande","Academic Staff",2026-03-02,Present,8
CHK-ffee7bb3,EMP-8379,"Amit Deshpande","Academic Staff",2026-04-06,Present,8
CHK-44067c9c,EMP-94e0,"Pooja Raman","Academic Staff",2025-06-02,Present,8
CHK-ffd4d500,EMP-94e0,"Pooja Raman","Academic Staff",2025-07-07,Present,8
CHK-5adb92eb,EMP-94e0,"Pooja Raman","Academic Staff",2025-08-04,Present,8
CHK-cc11d779,EMP-94e0,"Pooja Raman","Academic Staff",2025-09-01,Present,8
CHK-6ef77100,EMP-94e0,"Pooja Raman","Academic Staff",2025-10-06,Present,8
CHK-f659b83f,EMP-94e0,"Pooja Raman","Academic Staff",2025-11-03,Present,8
CHK-5c94e574,EMP-94e0,"Pooja Raman","Academic Staff",2025-12-01,Present,8
CHK-2044be72,EMP-94e0,"Pooja Raman","Academic Staff",2026-01-05,Present,8
CHK-1d048755,EMP-94e0,"Pooja Raman","Academic Staff",2026-02-02,Present,8
CHK-1b9e7f63,EMP-94e0,"Pooja Raman","Academic Staff",2026-03-02,Present,8
CHK-de503caa,EMP-94e0,"Pooja Raman","Academic Staff",2026-04-06,Present,8
CHK-17023cc7,EMP-6f7f,"Nikhil Bhat","Academic Staff",2025-06-02,Present,8
CHK-4bdd67e4,EMP-6f7f,"Nikhil Bhat","Academic Staff",2025-07-07,Present,8
CHK-870b875e,EMP-6f7f,"Nikhil Bhat","Academic Staff",2025-08-04,Present,8
CHK-a143d0e6,EMP-6f7f,"Nikhil Bhat","Academic Staff",2025-09-01,Present,8
CHK-34fec2ca,EMP-6f7f,"Nikhil Bhat","Academic Staff",2025-10-06,Present,8
CHK-d0f89203,EMP-6f7f,"Nikhil Bhat","Academic Staff",2025-11-03,Present,8
CHK-85d37877,EMP-6f7f,"Nikhil Bhat","Academic Staff",2025-12-01,Present,8
CHK-4a3d1231,EMP-6f7f,"Nikhil Bhat","Academic Staff",2026-01-05,Present,8
CHK-ccce773d,EMP-6f7f,"Nikhil Bhat","Academic Staff",2026-02-02,Present,8
CHK-6d52c1ee,EMP-6f7f,"Nikhil Bhat","Academic Staff",2026-03-02,Present,8
CHK-aad9baf1,EMP-6f7f,"Nikhil Bhat","Academic Staff",2026-04-06,Present,8
CHK-af442719,EMP-a331,"Farah Qureshi","Academic Staff",2025-06-02,Present,8
CHK-1f4275c2,EMP-a331,"Farah Qureshi","Academic Staff",2025-07-07,Present,8
CHK-d1699925,EMP-a331,"Farah Qureshi","Academic Staff",2025-08-04,Present,8
CHK-b0b6839c,EMP-a331,"Farah Qureshi","Academic Staff",2025-09-01,Present,8
CHK-f8c48c98,EMP-a331,"Farah Qureshi","Academic Staff",2025-10-06,Present,8
CHK-e69ba804,EMP-a331,"Farah Qureshi","Academic Staff",2025-11-03,Present,8
CHK-0235376b,EMP-a331,"Farah Qureshi","Academic Staff",2025-12-01,Present,8
CHK-3cc24f60,EMP-a331,"Farah Qureshi","Academic Staff",2026-01-05,Present,8
CHK-cdc396a3,EMP-a331,"Farah Qureshi","Academic Staff",2026-02-02,Present,8
CHK-7765d263,EMP-a331,"Farah Qureshi","Academic Staff",2026-03-02,Present,8
CHK-dc9638ca,EMP-a331,"Farah Qureshi","Academic Staff",2026-04-06,Present,8
CHK-42dc0b90,EMP-5986,"Suresh Naidu","Academic Staff",2025-06-02,Present,8
CHK-7f1617b7,EMP-5986,"Suresh Naidu","Academic Staff",2025-07-07,Present,8
CHK-08721378,EMP-5986,"Suresh Naidu","Academic Staff",2025-08-04,Present,8
CHK-03e4be01,EMP-5986,"Suresh Naidu","Academic Staff",2025-09-01,Present,8
CHK-c949e19c,EMP-5986,"Suresh Naidu","Academic Staff",2025-10-06,Present,8
CHK-519e6adb,EMP-5986,"Suresh Naidu","Academic Staff",2025-11-03,Present,8
CHK-9de7cf21,EMP-5986,"Suresh Naidu","Academic Staff",2025-12-01,Present,8
CHK-13976691,EMP-5986,"Suresh Naidu","Academic Staff",2026-01-05,Present,8
CHK-c729913c,EMP-5986,"Suresh Naidu","Academic Staff",2026-02-02,Present,8
CHK-85bacac9,EMP-5986,"Suresh Naidu","Academic Staff",2026-03-02,Present,8
CHK-355f9cc3,EMP-5986,"Suresh Naidu","Academic Staff",2026-04-06,Present,8
CHK-7009e0f4,EMP-32c5,"Priyanka Joshi","Academic Staff",2025-06-02,Present,8
CHK-7df48694,EMP-32c5,"Priyanka Joshi","Academic Staff",2025-07-07,Present,8
CHK-52be3391,EMP-32c5,"Priyanka Joshi","Academic Staff",2025-08-04,Present,8
CHK-e185319e,EMP-32c5,"Priyanka Joshi","Academic Staff",2025-09-01,Present,8
CHK-698cc23f,EMP-32c5,"Priyanka Joshi","Academic Staff",2025-10-06,Present,8
CHK-3a1c9087,EMP-32c5,"Priyanka Joshi","Academic Staff",2025-11-03,Present,8
CHK-70423214,EMP-32c5,"Priyanka Joshi","Academic Staff",2025-12-01,Present,8
CHK-cffd982e,EMP-32c5,"Priyanka Joshi","Academic Staff",2026-01-05,Present,8
CHK-60884ca7,EMP-32c5,"Priyanka Joshi","Academic Staff",2026-02-02,Present,8
CHK-9068ef6f,EMP-32c5,"Priyanka Joshi","Academic Staff",2026-03-02,Present,8
CHK-c02d5d39,EMP-32c5,"Priyanka Joshi","Academic Staff",2026-04-06,Present,8
CHK-198d0a62,EMP-0ff2,"Irfan Shaikh","Academic Staff",2025-06-02,Present,8
CHK-9140caa3,EMP-0ff2,"Irfan Shaikh","Academic Staff",2025-07-07,Present,8
CHK-1221cd95,EMP-0ff2,"Irfan Shaikh","Academic Staff",2025-08-04,Present,8
CHK-36dc5f05,EMP-0ff2,"Irfan Shaikh","Academic Staff",2025-09-01,Present,8
CHK-891bcde1,EMP-0ff2,"Irfan Shaikh","Academic Staff",2025-10-06,Present,8
CHK-138a9ba4,EMP-0ff2,"Irfan Shaikh","Academic Staff",2025-11-03,Present,8
CHK-18016ef2,EMP-0ff2,"Irfan Shaikh","Academic Staff",2025-12-01,Present,8
CHK-5897dd9e,EMP-0ff2,"Irfan Shaikh","Academic Staff",2026-01-05,Present,8
CHK-426a4d3c,EMP-0ff2,"Irfan Shaikh","Academic Staff",2026-02-02,Present,8
CHK-687b7618,EMP-0ff2,"Irfan Shaikh","Academic Staff",2026-03-02,Present,8
CHK-dccc49db,EMP-0ff2,"Irfan Shaikh","Academic Staff",2026-04-06,Present,8
CHK-f972a6d1,EMP-deec,"Neha Agarwal","Academic Staff",2025-06-02,Present,8
CHK-2fb49ec8,EMP-deec,"Neha Agarwal","Academic Staff",2025-07-07,Present,8
CHK-25a2b29a,EMP-deec,"Neha Agarwal","Academic Staff",2025-08-04,Present,8
CHK-cf665f4a,EMP-deec,"Neha Agarwal","Academic Staff",2025-09-01,Present,8
CHK-335c2e24,EMP-deec,"Neha Agarwal","Academic Staff",2025-10-06,Present,8
CHK-e62d3c2b,EMP-deec,"Neha Agarwal","Academic Staff",2025-11-03,Present,8
CHK-caa76322,EMP-deec,"Neha Agarwal","Academic Staff",2025-12-01,Present,8
CHK-983d1477,EMP-deec,"Neha Agarwal","Academic Staff",2026-01-05,Present,8
CHK-9e6592ac,EMP-deec,"Neha Agarwal","Academic Staff",2026-02-02,Present,8
CHK-88f1006f,EMP-deec,"Neha Agarwal","Academic Staff",2026-03-02,Present,8
CHK-ea66f431,EMP-deec,"Neha Agarwal","Academic Staff",2026-04-06,Present,8
CHK-457c59d2,EMP-7a87,"Mohan Reddy","Academic Staff",2025-06-02,Present,8
CHK-b6b5769b,EMP-7a87,"Mohan Reddy","Academic Staff",2025-07-07,Present,8
CHK-6425ced6,EMP-7a87,"Mohan Reddy","Academic Staff",2025-08-04,Present,8
CHK-7f3b6904,EMP-7a87,"Mohan Reddy","Academic Staff",2025-09-01,Present,8
CHK-c43eb86e,EMP-7a87,"Mohan Reddy","Academic Staff",2025-10-06,Present,8
CHK-3117bcad,EMP-7a87,"Mohan Reddy","Academic Staff",2025-11-03,Present,8
CHK-7574051f,EMP-7a87,"Mohan Reddy","Academic Staff",2025-12-01,Present,8
CHK-cbbb7eb8,EMP-7a87,"Mohan Reddy","Academic Staff",2026-01-05,Present,8
CHK-549a432c,EMP-7a87,"Mohan Reddy","Academic Staff",2026-02-02,Present,8
CHK-09e7c401,EMP-7a87,"Mohan Reddy","Academic Staff",2026-03-02,Present,8
CHK-3fced47f,EMP-7a87,"Mohan Reddy","Academic Staff",2026-04-06,Present,8
CHK-34d0be5a,EMP-a521,"Sunita Mishra","Academic Staff",2025-06-02,Present,8
CHK-788e78d0,EMP-a521,"Sunita Mishra","Academic Staff",2025-07-07,Present,8
CHK-dcf1cd21,EMP-a521,"Sunita Mishra","Academic Staff",2025-08-04,Present,8
CHK-0c0301d0,EMP-a521,"Sunita Mishra","Academic Staff",2025-09-01,Present,8
CHK-2af1ba65,EMP-a521,"Sunita Mishra","Academic Staff",2025-10-06,Present,8
CHK-9f2145c7,EMP-a521,"Sunita Mishra","Academic Staff",2025-11-03,Present,8
CHK-f069e91d,EMP-a521,"Sunita Mishra","Academic Staff",2025-12-01,Present,8
CHK-6ff8146f,EMP-a521,"Sunita Mishra","Academic Staff",2026-01-05,Present,8
CHK-9c0cb328,EMP-a521,"Sunita Mishra","Academic Staff",2026-02-02,Present,8
CHK-055decc6,EMP-a521,"Sunita Mishra","Academic Staff",2026-03-02,Present,8
CHK-1b443407,EMP-a521,"Sunita Mishra","Academic Staff",2026-04-06,Present,8
CHK-b6989fce,EMP-4dcf,"Rahul Shetty","Academic Staff",2025-06-02,Present,8
CHK-0e1396ae,EMP-4dcf,"Rahul Shetty","Academic Staff",2025-07-07,Present,8
CHK-e2391a85,EMP-4dcf,"Rahul Shetty","Academic Staff",2025-08-04,Present,8
CHK-742dd60f,EMP-4dcf,"Rahul Shetty","Academic Staff",2025-09-01,Present,8
CHK-79576a5c,EMP-4dcf,"Rahul Shetty","Academic Staff",2025-10-06,Present,8
CHK-b1530be7,EMP-4dcf,"Rahul Shetty","Academic Staff",2025-11-03,Present,8
CHK-dce69ffa,EMP-4dcf,"Rahul Shetty","Academic Staff",2025-12-01,Present,8
CHK-e20aa6ee,EMP-4dcf,"Rahul Shetty","Academic Staff",2026-01-05,Present,8
CHK-b67bd7d7,EMP-4dcf,"Rahul Shetty","Academic Staff",2026-02-02,Present,8
CHK-be389ba5,EMP-4dcf,"Rahul Shetty","Academic Staff",2026-03-02,Present,8
CHK-5d11aaa1,EMP-4dcf,"Rahul Shetty","Academic Staff",2026-04-06,Present,8
